Rota;Demanda;Dist;Plat 0 ;Plat 1;Plat 2;Plat 3;Plat 4;Plat 5;Plat 6
0;118,3;290;1;;;;;;
1;272,9;290;2;;;;;;
2;234,7;290;3;;;;;;
3;69,1;360;4;;;;;;
4;293,6;410;5;;;;;;
5;360,9;431;6;;;;;;
6;391,2;290;1;2;;;;;
7;353;291;1;3;;;;;
8;187,4;429;1;4;;;;;
9;411,9;490;1;5;;;;;
10;479,2;510;1;6;;;;;
11;507,6;291;2;3;;;;;
12;342;429;2;4;;;;;
13;566,5;490;2;5;;;;;
14;633,8;510;2;6;;;;;
15;303,9;428;3;4;;;;;
16;528,3;489;3;5;;;;;
17;595,7;509;3;6;;;;;
18;362,7;420;4;5;;;;;
19;430,1;441;4;6;;;;;
20;654,5;431;5;6;;;;;
21;625,9;291;3;1;2;;;;
22;460,3;429;4;1;2;;;;
23;684,7;490;5;1;2;;;;
24;752,1;510;6;1;2;;;;
25;422,1;429;4;3;1;;;;
26;646,6;490;5;3;1;;;;
27;713,9;510;6;3;1;;;;
28;481;490;5;4;1;;;;
29;548,3;511;6;4;1;;;;
30;772,8;511;5;6;1;;;;
31;576,7;429;4;3;2;;;;
32;801,2;490;5;3;2;;;;
33;868,5;510;6;3;2;;;;
34;635,6;490;5;4;2;;;;
35;702,9;511;6;4;2;;;;
36;597,4;489;5;4;3;;;;
37;664,8;510;6;4;3;;;;
38;889,2;510;5;6;3;;;;
39;723,6;442;5;6;4;;;;
40;695;429;4;3;1;2;;;
41;753,9;490;5;4;1;2;;;
42;821,2;511;6;4;1;2;;;
43;715,7;490;5;4;3;1;;;
44;783,1;511;6;4;3;1;;;
45;841,9;511;5;6;4;1;;;
46;870,3;490;5;4;3;2;;;
47;155;194;7;;;;;;
48;155;193;8;;;;;;
49;155;192;9;;;;;;
50;290,4;212;10;;;;;;
51;279;227;11;;;;;;
52;27,4;236;12;;;;;;
53;185,6;247;13;;;;;;
54;96,2;255;14;;;;;;
55;210,1;265;15;;;;;;
56;57,7;277;16;;;;;;
57;304,4;277;17;;;;;;
58;310;197;7;8;;;;;
59;310;210;7;9;;;;;
60;445,4;225;7;10;;;;;
61;434;232;7;11;;;;;
62;182,4;236;7;12;;;;;
63;340,6;249;7;13;;;;;
64;251,2;256;7;14;;;;;
65;365,1;265;7;15;;;;;
66;212,7;277;7;16;;;;;
67;459,4;278;7;17;;;;;
68;310;206;8;9;;;;;
69;445,4;221;8;10;;;;;
70;434;230;8;11;;;;;
71;182,4;236;8;12;;;;;
72;340,6;248;8;13;;;;;
73;251,2;257;8;14;;;;;
74;365,1;265;8;15;;;;;
75;212,7;278;8;16;;;;;
76;459,4;278;8;17;;;;;
77;445,4;212;9;10;;;;;
78;434;227;9;11;;;;;
79;182,4;242;9;12;;;;;
80;340,6;248;9;13;;;;;
81;251,2;264;9;14;;;;;
82;365,1;269;9;15;;;;;
83;212,7;281;9;16;;;;;
84;459,4;279;9;17;;;;;
85;569,4;230;10;11;;;;;
86;317,7;247;10;12;;;;;
87;475,9;250;10;13;;;;;
88;386,6;270;10;14;;;;;
89;500,5;273;10;15;;;;;
90;348;284;10;16;;;;;
91;594,8;281;10;17;;;;;
92;306,4;246;11;12;;;;;
93;464,6;248;11;13;;;;;
94;375,2;268;11;14;;;;;
95;489,1;270;11;15;;;;;
96;336,6;281;11;16;;;;;
97;583,4;278;11;17;;;;;
98;212,9;253;12;13;;;;;
99;123,6;258;12;14;;;;;
100;237,5;265;12;15;;;;;
101;85;277;12;16;;;;;
102;331,8;279;12;17;;;;;
103;281,8;271;13;14;;;;;
104;395,7;270;13;15;;;;;
105;243,2;281;13;16;;;;;
106;490;278;13;17;;;;;
107;306,3;271;14;15;;;;;
108;153,9;281;14;16;;;;;
109;400,6;286;14;17;;;;;
110;267,8;277;15;16;;;;;
111;514,5;281;15;17;;;;;
112;362,1;285;16;17;;;;;
113;465;210;9;8;7;;;;
114;600,4;225;10;8;7;;;;
115;589;233;11;8;7;;;;
116;337,4;236;8;12;7;;;;
117;495,6;250;8;13;7;;;;
118;406,2;258;8;14;7;;;;
119;520,1;265;8;15;7;;;;
120;367,7;278;8;16;7;;;;
121;614,4;278;8;17;7;;;;
122;600,4;225;9;10;7;;;;
123;589;232;9;11;7;;;;
124;337,4;242;9;12;7;;;;
125;495,6;250;9;13;7;;;;
126;406,2;265;9;14;7;;;;
127;520,1;269;9;15;7;;;;
128;367,7;281;9;16;7;;;;
129;614,4;280;9;17;7;;;;
130;724,4;235;10;11;7;;;;
131;472,7;247;10;12;7;;;;
132;630,9;252;10;13;7;;;;
133;541,6;271;10;14;7;;;;
134;655,5;273;10;15;7;;;;
135;503;284;10;16;7;;;;
136;749,8;281;10;17;7;;;;
137;461,4;246;11;12;7;;;;
138;619,6;250;11;13;7;;;;
139;530,2;268;11;14;7;;;;
140;644,1;270;11;15;7;;;;
141;491,6;281;11;16;7;;;;
142;738,4;279;11;17;7;;;;
143;367,9;253;13;12;7;;;;
144;278,6;258;14;12;7;;;;
145;392,5;265;12;15;7;;;;
146;240;278;16;12;7;;;;
147;486,8;279;17;12;7;;;;
148;436,8;271;13;14;7;;;;
149;550,7;270;13;15;7;;;;
150;398,2;281;13;16;7;;;;
151;645;278;13;17;7;;;;
152;461,3;271;14;15;7;;;;
153;308,9;281;14;16;7;;;;
154;555,6;287;17;14;7;;;;
155;422,8;277;16;15;7;;;;
156;669,5;281;17;15;7;;;;
157;517,1;285;17;16;7;;;;
158;600,4;221;9;10;8;;;;
159;589;230;9;11;8;;;;
160;337,4;242;9;12;8;;;;
161;495,6;249;9;13;8;;;;
162;406,2;266;9;14;8;;;;
163;520,1;269;9;15;8;;;;
164;367,7;281;9;16;8;;;;
165;614,4;279;9;17;8;;;;
166;724,4;232;10;11;8;;;;
167;472,7;248;10;12;8;;;;
168;630,9;251;10;13;8;;;;
169;541,6;272;10;14;8;;;;
170;655,5;273;10;15;8;;;;
171;503;284;10;16;8;;;;
172;749,8;281;10;17;8;;;;
173;461,4;246;11;12;8;;;;
174;619,6;249;11;13;8;;;;
175;530,2;269;11;14;8;;;;
176;644,1;270;11;15;8;;;;
177;491,6;281;11;16;8;;;;
178;738,4;279;11;17;8;;;;
179;367,9;253;13;12;8;;;;
180;278,6;259;14;12;8;;;;
181;392,5;265;12;15;8;;;;
182;240;278;12;16;8;;;;
183;486,8;279;17;12;8;;;;
184;436,8;271;14;13;8;;;;
185;550,7;270;13;15;8;;;;
186;398,2;281;13;16;8;;;;
187;645;278;13;17;8;;;;
188;461,3;271;14;15;8;;;;
189;308,9;281;14;16;8;;;;
190;555,6;287;14;17;8;;;;
191;422,8;278;15;16;8;;;;
192;669,5;281;17;15;8;;;;
193;517,1;285;17;16;8;;;;
194;724,4;230;11;10;9;;;;
195;472,7;248;12;10;9;;;;
196;630,9;251;13;10;9;;;;
197;541,6;270;14;10;9;;;;
198;655,5;273;15;10;9;;;;
199;503;284;16;10;9;;;;
200;749,8;281;17;10;9;;;;
201;461,4;246;12;11;9;;;;
202;619,6;248;13;11;9;;;;
203;530,2;268;14;11;9;;;;
204;644,1;270;15;11;9;;;;
205;491,6;282;16;11;9;;;;
206;738,4;279;17;11;9;;;;
207;367,9;254;12;13;9;;;;
208;278,6;264;14;12;9;;;;
209;392,5;269;12;15;9;;;;
210;240;281;12;16;9;;;;
211;486,8;280;12;17;9;;;;
212;436,8;272;14;13;9;;;;
213;550,7;271;15;13;9;;;;
214;398,2;282;16;13;9;;;;
215;645;279;17;13;9;;;;
216;461,3;275;14;15;9;;;;
217;308,9;285;14;16;9;;;;
218;555,6;288;14;17;9;;;;
219;422,8;281;15;16;9;;;;
220;669,5;283;15;17;9;;;;
221;517,1;287;16;17;9;;;;
222;596,7;248;12;11;10;;;;
223;754,9;251;13;11;10;;;;
224;665,6;270;14;11;10;;;;
225;779,5;273;15;11;10;;;;
226;627;284;16;11;10;;;;
227;873,8;281;17;11;10;;;;
228;503,3;256;12;13;10;;;;
229;413,9;270;14;12;10;;;;
230;527,9;273;12;15;10;;;;
231;375,4;284;12;16;10;;;;
232;622,1;282;12;17;10;;;;
233;572,1;274;14;13;10;;;;
234;686,1;273;15;13;10;;;;
235;533,6;284;16;13;10;;;;
236;780,3;281;13;17;10;;;;
237;596,7;278;14;15;10;;;;
238;444,2;288;14;16;10;;;;
239;691;290;14;17;10;;;;
240;558,2;284;15;16;10;;;;
241;804,9;284;15;17;10;;;;
242;652,4;288;16;17;10;;;;
243;491,9;254;12;13;11;;;;
244;402,5;268;14;12;11;;;;
245;516,5;270;12;15;11;;;;
246;364;281;12;16;11;;;;
247;610,7;280;12;17;11;;;;
248;560,8;271;14;13;11;;;;
249;674,7;271;15;13;11;;;;
250;522,2;282;16;13;11;;;;
251;769;279;17;13;11;;;;
252;585,3;275;14;15;11;;;;
253;432,8;285;14;16;11;;;;
254;679,6;288;14;17;11;;;;
255;546,8;281;15;16;11;;;;
256;793,5;282;15;17;11;;;;
257;641;286;16;17;11;;;;
258;309,1;274;13;14;12;;;;
259;423,1;270;13;15;12;;;;
260;270,6;281;13;16;12;;;;
261;517,3;279;13;17;12;;;;
262;333,7;271;14;15;12;;;;
263;181,2;281;14;16;12;;;;
264;428;288;14;17;12;;;;
265;295,2;277;16;15;12;;;;
266;541,9;281;17;15;12;;;;
267;389,4;285;17;16;12;;;;
268;491,9;275;14;15;13;;;;
269;339,4;284;14;16;13;;;;
270;586,2;287;14;17;13;;;;
271;453,4;281;15;16;13;;;;
272;700,1;281;15;17;13;;;;
273;547,6;285;16;17;13;;;;
274;364;281;15;16;14;;;;
275;610,7;286;17;15;14;;;;
276;458,2;288;17;16;14;;;;
277;572,2;285;17;16;15;;;;
278;755,4;225;9;10;8;7;;;
279;744;234;9;11;8;7;;;
280;492,4;245;9;12;7;8;;;
281;650,6;253;9;13;8;7;;;
282;561,2;268;9;14;7;8;;;
283;675,1;272;9;15;7;8;;;
284;522,7;284;9;16;7;8;;;
285;769,4;283;9;17;7;8;;;
286;879,4;236;10;11;8;7;;;
287;627,7;250;10;12;7;8;;;
288;785,9;255;10;13;8;7;;;
289;696,6;274;10;14;7;8;;;
290;810,5;276;10;15;7;8;;;
291;658;287;10;16;7;8;;;
292;616,4;248;8;11;12;7;;;
293;774,6;252;8;11;13;7;;;
294;685,2;271;8;11;14;7;;;
295;799,1;273;8;11;15;7;;;
296;646,6;284;8;11;16;7;;;
297;893,4;282;8;11;17;7;;;
298;522,9;254;8;13;12;7;;;
299;433,6;259;8;12;14;7;;;
300;547,5;265;8;15;12;7;;;
301;395;278;8;16;12;7;;;
302;641,8;279;8;17;12;7;;;
303;591,8;272;8;13;14;7;;;
304;705,7;271;8;13;15;7;;;
305;553,2;281;8;13;16;7;;;
306;800;279;8;13;17;7;;;
307;616,3;271;8;15;14;7;;;
308;463,9;282;8;16;14;7;;;
309;710,6;287;8;17;14;7;;;
310;577,8;278;8;16;15;7;;;
311;824,5;281;8;17;15;7;;;
312;672,1;285;8;17;16;7;;;
313;879,4;235;9;10;11;7;;;
314;627,7;248;9;10;12;7;;;
315;785,9;252;9;10;13;7;;;
316;696,6;271;9;10;14;7;;;
317;810,5;273;9;10;15;7;;;
318;658;284;9;10;16;7;;;
319;616,4;246;9;11;12;7;;;
320;774,6;250;9;11;13;7;;;
321;685,2;269;9;11;14;7;;;
322;799,1;270;9;11;15;7;;;
323;646,6;282;9;11;16;7;;;
324;893,4;280;9;11;17;7;;;
325;522,9;254;9;13;12;7;;;
326;433,6;265;9;12;14;7;;;
327;547,5;269;9;15;12;7;;;
328;395;281;9;16;12;7;;;
329;641,8;280;9;17;12;7;;;
330;591,8;272;9;13;14;7;;;
331;705,7;271;9;13;15;7;;;
332;553,2;282;9;13;16;7;;;
333;800;280;9;13;17;7;;;
334;616,3;275;9;15;14;7;;;
335;463,9;285;9;16;14;7;;;
336;710,6;289;9;17;14;7;;;
337;577,8;281;9;16;15;7;;;
338;824,5;283;9;17;15;7;;;
339;672,1;287;9;17;16;7;;;
340;751,7;248;10;11;12;7;;;
341;820,6;271;10;11;14;7;;;
342;782;284;10;11;16;7;;;
343;658,3;256;10;13;12;7;;;
344;568,9;271;10;12;14;7;;;
345;682,9;273;10;15;12;7;;;
346;530,4;284;10;16;12;7;;;
347;777,1;282;10;17;12;7;;;
348;727,1;275;10;13;14;7;;;
349;841,1;273;10;13;15;7;;;
350;688,6;284;10;13;16;7;;;
351;751,7;279;10;15;14;7;;;
352;599,2;288;10;16;14;7;;;
353;846;290;10;17;14;7;;;
354;713,2;284;10;16;15;7;;;
355;807,4;288;10;17;16;7;;;
356;646,9;254;11;13;12;7;;;
357;557,5;269;11;12;14;7;;;
358;671,5;270;11;15;12;7;;;
359;519;281;11;16;12;7;;;
360;765,7;280;11;17;12;7;;;
361;715,8;272;11;13;14;7;;;
362;829,7;271;11;13;15;7;;;
363;677,2;282;11;13;16;7;;;
364;740,3;276;11;15;14;7;;;
365;587,8;285;11;16;14;7;;;
366;834,6;288;11;17;14;7;;;
367;701,8;281;11;16;15;7;;;
368;796;286;11;17;16;7;;;
369;464,1;274;13;14;12;7;;;
370;578,1;270;13;15;12;7;;;
371;425,6;281;13;16;12;7;;;
372;672,3;279;13;17;12;7;;;
373;488,7;271;14;15;12;7;;;
374;336,2;281;14;16;12;7;;;
375;583;288;14;17;12;7;;;
376;450,2;278;12;16;15;7;;;
377;696,9;281;17;15;12;7;;;
378;544,4;285;17;16;12;7;;;
379;646,9;276;13;15;14;7;;;
380;494,4;285;13;16;14;7;;;
381;741,2;287;13;17;14;7;;;
382;608,4;281;13;16;15;7;;;
383;855,1;281;13;17;15;7;;;
384;702,6;285;13;17;16;7;;;
385;519;281;14;16;15;7;;;
386;765,7;287;17;15;14;7;;;
387;613,2;289;17;16;14;7;;;
388;727,2;285;17;16;15;7;;;
389;879,4;232;9;10;11;8;;;
390;627,7;248;9;10;12;8;;;
391;785,9;251;9;10;13;8;;;
392;696,6;272;9;10;14;8;;;
393;810,5;273;9;10;15;8;;;
394;658;284;9;10;16;8;;;
395;616,4;246;9;11;12;8;;;
396;774,6;249;9;11;13;8;;;
397;685,2;270;9;11;14;8;;;
398;799,1;271;9;11;15;8;;;
399;646,6;282;9;11;16;8;;;
400;893,4;279;9;11;17;8;;;
401;522,9;254;9;13;12;8;;;
402;433,6;266;9;12;14;8;;;
403;547,5;269;9;15;12;8;;;
404;395;281;9;16;12;8;;;
405;641,8;280;9;17;12;8;;;
406;591,8;273;9;13;14;8;;;
407;705,7;271;9;13;15;8;;;
408;553,2;282;9;13;16;8;;;
409;800;279;9;13;17;8;;;
410;616,3;276;9;15;14;8;;;
411;463,9;286;9;16;14;8;;;
412;710,6;290;9;17;14;8;;;
413;577,8;281;9;16;15;8;;;
414;824,5;283;9;17;15;8;;;
415;672,1;287;9;17;16;8;;;
416;751,7;249;10;11;12;8;;;
417;820,6;272;10;11;14;8;;;
418;782;284;10;11;16;8;;;
419;658,3;256;10;13;12;8;;;
420;568,9;272;10;12;14;8;;;
421;682,9;273;10;15;12;8;;;
422;530,4;284;10;16;12;8;;;
423;777,1;282;10;17;12;8;;;
424;727,1;276;10;13;14;8;;;
425;841,1;273;10;13;15;8;;;
426;688,6;284;10;13;16;8;;;
427;751,7;280;10;15;14;8;;;
428;599,2;289;10;16;14;8;;;
429;846;291;10;17;14;8;;;
430;713,2;284;10;16;15;8;;;
431;807,4;288;10;17;16;8;;;
432;646,9;254;11;13;12;8;;;
433;557,5;270;11;12;14;8;;;
434;671,5;270;11;15;12;8;;;
435;519;281;11;16;12;8;;;
436;765,7;280;11;17;12;8;;;
437;715,8;273;11;13;14;8;;;
438;829,7;271;11;13;15;8;;;
439;677,2;282;11;13;16;8;;;
440;740,3;277;11;15;14;8;;;
441;587,8;286;11;16;14;8;;;
442;834,6;289;11;17;14;8;;;
443;701,8;281;11;16;15;8;;;
444;796;286;11;17;16;8;;;
445;464,1;274;13;14;12;8;;;
446;578,1;270;13;15;12;8;;;
447;425,6;281;13;16;12;8;;;
448;672,3;279;13;17;12;8;;;
449;488,7;271;14;15;12;8;;;
450;336,2;281;14;16;12;8;;;
451;583;288;14;17;12;8;;;
452;450,2;278;12;15;16;8;;;
453;696,9;281;17;15;12;8;;;
454;544,4;285;17;16;12;8;;;
455;646,9;276;14;15;13;8;;;
456;494,4;285;14;16;13;8;;;
457;741,2;287;14;17;13;8;;;
458;608,4;281;13;16;15;8;;;
459;855,1;281;13;17;15;8;;;
460;702,6;285;13;17;16;8;;;
461;519;281;14;16;15;8;;;
462;765,7;287;14;15;17;8;;;
463;613,2;289;14;16;17;8;;;
464;727,2;285;17;16;15;8;;;
465;751,7;249;12;11;10;9;;;
466;820,6;271;14;11;10;9;;;
467;782;284;16;11;10;9;;;
468;658,3;256;12;13;10;9;;;
469;568,9;270;14;12;10;9;;;
470;682,9;273;12;15;10;9;;;
471;530,4;284;12;16;10;9;;;
472;777,1;282;12;17;10;9;;;
473;727,1;274;14;13;10;9;;;
474;841,1;273;15;13;10;9;;;
475;688,6;284;16;13;10;9;;;
476;751,7;278;14;15;10;9;;;
477;599,2;288;14;16;10;9;;;
478;846;290;14;17;10;9;;;
479;713,2;284;15;16;10;9;;;
480;807,4;288;16;17;10;9;;;
481;646,9;254;12;13;11;9;;;
482;557,5;269;14;12;11;9;;;
483;671,5;270;12;15;11;9;;;
484;519;282;12;16;11;9;;;
485;765,7;280;12;17;11;9;;;
486;715,8;272;14;13;11;9;;;
487;829,7;271;15;13;11;9;;;
488;677,2;282;16;13;11;9;;;
489;740,3;276;14;15;11;9;;;
490;587,8;285;14;16;11;9;;;
491;834,6;288;14;17;11;9;;;
492;701,8;282;15;16;11;9;;;
493;796;287;16;17;11;9;;;
494;464,1;275;12;14;13;9;;;
495;578,1;271;12;15;13;9;;;
496;425,6;282;12;16;13;9;;;
497;672,3;280;12;17;13;9;;;
498;488,7;276;14;15;12;9;;;
499;336,2;287;14;16;12;9;;;
500;583;291;12;14;17;9;;;
501;450,2;281;12;15;16;9;;;
502;696,9;283;12;15;17;9;;;
503;544,4;287;12;16;17;9;;;
504;646,9;277;14;15;13;9;;;
505;494,4;285;14;16;13;9;;;
506;741,2;288;14;17;13;9;;;
507;608,4;282;15;16;13;9;;;
508;855,1;283;15;17;13;9;;;
509;702,6;287;16;17;13;9;;;
510;519;285;14;16;15;9;;;
511;765,7;288;14;15;17;9;;;
512;613,2;290;14;16;17;9;;;
513;727,2;287;15;16;17;9;;;
514;782,3;256;12;13;11;10;;;
515;692,9;271;14;12;11;10;;;
516;806,9;273;12;15;11;10;;;
517;654,4;284;12;16;11;10;;;
518;851,1;274;14;13;11;10;;;
519;812,6;284;16;13;11;10;;;
520;875,7;278;14;15;11;10;;;
521;723,2;288;14;16;11;10;;;
522;837,2;284;15;16;11;10;;;
523;599,5;277;12;14;13;10;;;
524;713,4;273;12;15;13;10;;;
525;560,9;284;12;16;13;10;;;
526;807,7;282;12;17;13;10;;;
527;624,1;281;12;14;15;10;;;
528;471,6;291;12;14;16;10;;;
529;718,3;293;12;14;17;10;;;
530;585,5;284;12;15;16;10;;;
531;832,3;284;12;15;17;10;;;
532;679,8;288;12;16;17;10;;;
533;782,3;279;14;15;13;10;;;
534;629,8;288;14;16;13;10;;;
535;876,5;290;14;17;13;10;;;
536;743,7;284;15;16;13;10;;;
537;838;289;16;17;13;10;;;
538;654,4;289;14;16;15;10;;;
539;748,6;292;14;16;17;10;;;
540;862,6;288;15;16;17;10;;;
541;588,1;274;12;14;13;11;;;
542;702,1;271;12;15;13;11;;;
543;549,6;282;12;16;13;11;;;
544;796,3;280;12;17;13;11;;;
545;612,7;278;12;14;15;11;;;
546;460,2;288;12;14;16;11;;;
547;706,9;291;12;14;17;11;;;
548;574,2;281;12;15;16;11;;;
549;820,9;282;12;15;17;11;;;
550;668,4;286;12;16;17;11;;;
551;770,9;276;14;15;13;11;;;
552;618,4;285;14;16;13;11;;;
553;865,2;288;14;17;13;11;;;
554;732,4;282;15;16;13;11;;;
555;826,6;286;16;17;13;11;;;
556;643;286;14;16;15;11;;;
557;889,7;288;14;15;17;11;;;
558;737,2;290;14;16;17;11;;;
559;851,2;286;15;16;17;11;;;
560;519,3;278;13;15;14;12;;;
561;366,8;287;13;16;14;12;;;
562;613,5;290;13;17;14;12;;;
563;480,7;281;13;16;15;12;;;
564;727,5;281;13;17;15;12;;;
565;575;285;13;17;16;12;;;
566;391,4;281;14;16;15;12;;;
567;638,1;288;14;15;17;12;;;
568;485,6;290;14;16;17;12;;;
569;599,6;285;17;16;15;12;;;
570;549,6;286;14;16;15;13;;;
571;796,3;287;14;15;17;13;;;
572;643,8;289;14;16;17;13;;;
573;757,8;285;15;16;17;13;;;
574;668,4;290;17;16;15;14;;;
575;782,7;251;9;10;12;7;8;;
576;851,6;274;9;10;14;7;8;;
577;813;287;9;10;16;7;8;;
578;771,4;249;9;11;12;7;8;;
579;840,2;272;9;11;14;7;8;;
580;801,6;285;9;11;16;7;8;;
581;677,9;257;9;13;12;7;8;;
582;588,6;268;9;12;14;7;8;;
583;702,5;272;9;15;12;7;8;;
584;550;284;9;16;12;7;8;;
585;796,8;283;9;17;12;7;8;;
586;746,8;276;9;13;14;7;8;;
587;860,7;274;9;13;15;7;8;;
588;708,2;285;9;13;16;7;8;;
589;771,3;278;9;15;14;7;8;;
590;618,9;288;9;16;14;7;8;;
591;865,6;292;9;17;14;7;8;;
592;732,8;284;9;16;15;7;8;;
593;827,1;290;9;17;16;7;8;;
594;813,3;259;10;13;12;7;8;;
595;723,9;274;10;12;14;7;8;;
596;837,9;276;10;15;12;7;8;;
597;685,4;287;10;16;12;7;8;;
598;882,1;278;10;13;14;7;8;;
599;843,6;287;10;13;16;7;8;;
600;754,2;291;10;16;14;7;8;;
601;868,2;287;10;16;15;7;8;;
602;801,9;256;8;11;13;12;7;;
603;712,5;272;8;11;12;14;7;;
604;826,5;273;8;11;15;12;7;;
605;674;284;8;11;16;12;7;;
606;870,8;275;8;11;13;14;7;;
607;832,2;284;8;11;13;16;7;;
608;895,3;279;8;11;15;14;7;;
609;742,8;288;8;11;16;14;7;;
610;856,8;284;8;11;16;15;7;;
611;619,1;274;8;13;14;12;7;;
612;733,1;271;8;13;15;12;7;;
613;580,6;281;8;13;16;12;7;;
614;827,3;280;8;13;17;12;7;;
615;643,7;271;8;12;15;14;7;;
616;491,2;282;8;12;16;14;7;;
617;738;288;8;12;17;14;7;;
618;605,2;278;8;16;15;12;7;;
619;851,9;281;8;17;15;12;7;;
620;699,4;285;8;17;16;12;7;;
621;801,9;277;8;13;15;14;7;;
622;649,4;286;8;13;16;14;7;;
623;896,2;288;8;13;17;14;7;;
624;763,3679073;281;8;13;16;15;7;;
625;857,6161584;286;8;13;17;16;7;;
626;674,0008361;282;8;15;16;14;7;;
627;768,2490872;289;8;17;16;14;7;;
628;882,1990996;285;8;17;16;15;7;;
629;813,2907345;256;9;10;13;12;7;;
630;723,9236634;271;9;10;12;14;7;;
631;837,8736758;273;9;10;15;12;7;;
632;685,3822442;284;9;10;16;12;7;;
633;882,129295;275;9;10;13;14;7;;
634;843,5878759;284;9;10;13;16;7;;
635;754,2208047;288;9;10;16;14;7;;
636;868,1708171;284;9;10;16;15;7;;
637;801,9159224;254;9;11;13;12;7;;
638;712,5488513;270;9;11;12;14;7;;
639;826,4988637;270;9;11;15;12;7;;
640;674,0074321;282;9;11;16;12;7;;
641;870,7544829;273;9;11;13;14;7;;
642;832,2130638;282;9;11;13;16;7;;
643;895,3374241;276;9;11;15;14;7;;
644;742,8459926;286;9;11;16;14;7;;
645;856,796005;282;9;11;16;15;7;;
646;619,1207535;275;9;13;14;12;7;;
647;733,0707659;271;9;13;15;12;7;;
648;580,5793344;282;9;13;16;12;7;;
649;827,319017;280;9;13;17;12;7;;
650;643,7036947;277;9;12;15;14;7;;
651;491,2122632;288;9;12;16;14;7;;
652;737,9519458;291;9;17;14;12;7;;
653;605,1622756;281;9;16;15;12;7;;
654;851,9019583;283;9;17;15;12;7;;
655;699,4105267;287;9;17;16;12;7;;
656;801,9093264;277;9;13;15;14;7;;
657;649,4178948;286;9;13;16;14;7;;
658;896,1575775;289;9;13;17;14;7;;
659;763,3679073;282;9;13;16;15;7;;
660;857,6161584;287;9;13;17;16;7;;
661;674,0008361;286;9;15;16;14;7;;
662;768,2490872;291;9;17;16;14;7;;
663;882,1990996;287;9;17;16;15;7;;
664;847,9162465;272;10;11;12;14;7;;
665;809,3748274;284;10;11;16;12;7;;
666;878,2133879;288;10;11;16;14;7;;
667;754,4881488;277;10;13;14;12;7;;
668;868,4381612;273;10;13;15;12;7;;
669;715,9467297;284;10;13;16;12;7;;
670;779,07109;281;10;15;14;12;7;;
671;626,5796585;291;10;16;14;12;7;;
672;873,3193411;293;10;17;14;12;7;;
673;740,5296709;284;10;16;15;12;7;;
674;834,777922;288;10;17;16;12;7;;
675;784,7852901;288;10;13;16;14;7;;
676;898,7353025;284;10;13;16;15;7;;
677;809,3682314;289;10;15;16;14;7;;
678;743,1133367;274;11;13;14;12;7;;
679;857,0633491;271;11;13;15;12;7;;
680;704,5719176;282;11;13;16;12;7;;
681;767,6962779;278;11;15;14;12;7;;
682;615,2048464;288;11;16;14;12;7;;
683;861,944529;291;11;17;14;12;7;;
684;729,1548588;281;11;16;15;12;7;;
685;823,4031099;286;11;17;16;12;7;;
686;773,410478;286;11;13;16;14;7;;
687;887,3604904;282;11;13;16;15;7;;
688;797,9934192;286;11;15;16;14;7;;
689;892,2416704;290;11;17;16;14;7;;
690;674,2681802;278;13;15;14;12;7;;
691;521,7767487;287;13;16;14;12;7;;
692;768,5164313;290;13;17;14;12;7;;
693;635,7267611;281;13;16;15;12;7;;
694;882,4664437;281;13;17;15;12;7;;
695;729,9750122;285;13;17;16;12;7;;
696;546,3596899;281;14;16;15;12;7;;
697;793,0993725;288;14;15;17;12;7;;
698;640,607941;290;14;16;17;12;7;;
699;754,5579534;285;17;16;15;12;7;;
700;704,5653215;286;13;15;16;14;7;;
701;798,8135726;289;13;17;16;14;7;;
702;823,3965138;291;17;16;15;14;7;;
703;813,2907345;257;9;10;13;12;8;;
704;723,9236634;272;9;10;12;14;8;;
705;837,8736758;273;9;10;15;12;8;;
706;685,3822442;284;9;10;16;12;8;;
707;882,129295;276;9;10;13;14;8;;
708;843,5878759;284;9;10;13;16;8;;
709;754,2208047;289;9;10;16;14;8;;
710;868,1708171;284;9;10;16;15;8;;
711;801,9159224;254;9;11;13;12;8;;
712;712,5488513;271;9;11;12;14;8;;
713;826,4988637;271;9;11;15;12;8;;
714;674,0074321;282;9;11;16;12;8;;
715;870,7544829;274;9;11;13;14;8;;
716;832,2130638;282;9;11;13;16;8;;
717;895,3374241;278;9;11;15;14;8;;
718;742,8459926;287;9;11;16;14;8;;
719;856,796005;282;9;11;16;15;8;;
720;619,1207535;275;9;13;14;12;8;;
721;733,0707659;271;9;13;15;12;8;;
722;580,5793344;282;9;13;16;12;8;;
723;827,319017;280;9;13;17;12;8;;
724;643,7036947;278;9;15;14;12;8;;
725;491,2122632;288;9;16;14;12;8;;
726;737,9519458;291;9;17;14;12;8;;
727;605,1622756;281;9;16;15;12;8;;
728;851,9019583;283;9;17;15;12;8;;
729;699,4105267;287;9;17;16;12;8;;
730;801,9093264;278;9;13;15;14;8;;
731;649,4178948;287;9;13;16;14;8;;
732;896,1575775;290;9;13;17;14;8;;
733;763,3679073;282;9;13;16;15;8;;
734;857,6161584;287;9;13;17;16;8;;
735;674,0008361;287;9;15;16;14;8;;
736;768,2490872;292;9;17;16;14;8;;
737;882,1990996;287;9;17;16;15;8;;
738;847,9162465;273;10;11;12;14;8;;
739;809,3748274;284;10;11;16;12;8;;
740;878,2133879;289;10;11;16;14;8;;
741;754,4881488;277;10;13;14;12;8;;
742;868,4381612;273;10;13;15;12;8;;
743;715,9467297;284;10;13;16;12;8;;
744;779,07109;281;10;15;14;12;8;;
745;626,5796585;291;10;16;14;12;8;;
746;873,3193411;293;10;17;14;12;8;;
747;740,5296709;284;10;16;15;12;8;;
748;834,777922;288;10;17;16;12;8;;
749;784,7852901;289;10;13;16;14;8;;
750;898,7353025;284;10;13;16;15;8;;
751;809,3682314;290;10;15;16;14;8;;
752;743,1133367;275;11;13;14;12;8;;
753;857,0633491;271;11;13;15;12;8;;
754;704,5719176;282;11;13;16;12;8;;
755;767,6962779;279;11;15;14;12;8;;
756;615,2048464;288;11;16;14;12;8;;
757;861,944529;291;11;17;14;12;8;;
758;729,1548588;281;11;16;15;12;8;;
759;823,4031099;286;11;17;16;12;8;;
760;773,410478;287;11;13;16;14;8;;
761;887,3604904;282;11;13;16;15;8;;
762;797,9934192;287;11;15;16;14;8;;
763;892,2416704;291;11;17;16;14;8;;
764;674,2681802;278;13;15;14;12;8;;
765;521,7767487;287;13;16;14;12;8;;
766;768,5164313;290;13;17;14;12;8;;
767;635,7267611;281;13;16;15;12;8;;
768;882,4664437;282;13;17;15;12;8;;
769;729,9750122;285;13;17;16;12;8;;
770;546,3596899;281;14;16;15;12;8;;
771;793,0993725;288;14;15;17;12;8;;
772;640,607941;290;14;16;17;12;8;;
773;754,5579534;285;17;16;15;12;8;;
774;704,5653215;286;14;16;15;13;8;;
775;798,8135726;290;14;16;17;13;8;;
776;823,3965138;291;14;15;16;17;8;;
777;847,9162465;271;14;12;11;10;9;;
778;809,3748274;284;12;16;11;10;9;;
779;878,2133879;288;14;16;11;10;9;;
780;754,4881488;277;12;14;13;10;9;;
781;868,4381612;273;12;15;13;10;9;;
782;715,9467297;284;12;16;13;10;9;;
783;779,07109;281;12;14;15;10;9;;
784;626,5796585;291;12;14;16;10;9;;
785;873,3193411;293;12;14;17;10;9;;
786;740,5296709;284;12;15;16;10;9;;
787;834,777922;288;12;16;17;10;9;;
788;784,7852901;288;14;16;13;10;9;;
789;898,7353025;284;15;16;13;10;9;;
790;809,3682314;289;14;16;15;10;9;;
791;743,1133367;275;12;14;13;11;9;;
792;857,0633491;271;12;15;13;11;9;;
793;704,5719176;282;12;16;13;11;9;;
794;767,6962779;279;12;14;15;11;9;;
795;615,2048464;288;12;14;16;11;9;;
796;861,944529;291;12;14;17;11;9;;
797;729,1548588;282;12;15;16;11;9;;
798;823,4031099;287;12;16;17;11;9;;
799;773,410478;286;14;16;13;11;9;;
800;887,3604904;282;15;16;13;11;9;;
801;797,9934192;286;14;16;15;11;9;;
802;892,2416704;290;14;16;17;11;9;;
803;674,2681802;280;12;14;15;13;9;;
804;521,7767487;289;12;14;16;13;9;;
805;768,5164313;291;12;14;17;13;9;;
806;635,7267611;282;12;15;16;13;9;;
807;882,4664437;283;12;15;17;13;9;;
808;729,9750122;287;12;16;17;13;9;;
809;546,3596899;287;14;16;15;12;9;;
810;793,0993725;291;12;14;15;17;9;;
811;640,607941;293;12;14;16;17;9;;
812;754,5579534;287;12;15;16;17;9;;
813;704,5653215;287;14;16;15;13;9;;
814;798,8135726;290;14;16;17;13;9;;
815;823,3965138;292;14;15;16;17;9;;
816;878,480732;277;12;14;13;11;10;;
817;839,9393129;284;12;16;13;11;10;;
818;750,5722417;291;12;14;16;11;10;;
819;864,5222541;284;12;15;16;11;10;;
820;809,6355755;282;12;14;15;13;10;;
821;657,1441439;291;12;14;16;13;10;;
822;771,0941564;284;12;15;16;13;10;;
823;865,3424075;289;12;16;17;13;10;;
824;681,7270852;292;12;14;16;15;10;;
825;775,9753363;295;12;14;16;17;10;;
826;889,9253487;288;12;15;16;17;10;;
827;839,9327168;289;14;16;15;13;10;;
828;798,2607634;279;12;14;15;13;11;;
829;645,7693318;288;12;14;16;13;11;;
830;892,5090145;291;12;14;17;13;11;;
831;759,7193443;282;12;15;16;13;11;;
832;853,9675954;286;12;16;17;13;11;;
833;670,3522731;289;12;14;16;15;11;;
834;764,6005242;293;12;14;16;17;11;;
835;878,5505366;286;12;15;16;17;11;;
836;828,5579047;287;14;16;15;13;11;;
837;576,9241753;289;13;15;16;14;12;;
838;823,663858;290;13;17;15;14;12;;
839;671,1724264;292;13;17;16;14;12;;
840;785,1224388;285;13;17;16;15;12;;
841;695,7553677;292;14;15;16;17;12;;
842;853,9609993;291;14;15;16;17;13;;
843;878,9236634;274;9;10;12;14;7;8;
844;840,3822442;287;9;10;16;12;7;8;
845;867,5488513;273;9;11;12;14;7;8;
846;829,0074321;285;9;11;16;12;7;8;
847;897,8459926;289;9;11;16;14;7;8;
848;774,1207535;278;9;13;14;12;7;8;
849;888,0707659;274;9;13;15;12;7;8;
850;735,5793344;285;9;13;16;12;7;8;
851;798,7036947;280;9;12;15;14;7;8;
852;646,2122632;291;9;12;16;14;7;8;
853;892,9519458;294;9;17;14;12;7;8;
854;760,1622756;284;9;16;15;12;7;8;
855;854,4105267;290;9;17;16;12;7;8;
856;804,4178948;289;9;13;16;14;7;8;
857;829,0008361;289;9;15;16;14;7;8;
858;870,9467297;287;10;13;16;12;7;8;
859;781,5796585;294;10;16;14;12;7;8;
860;895,5296709;287;10;16;15;12;7;8;
861;898,1133367;277;8;11;13;14;12;7;
862;859,5719176;284;8;11;13;16;12;7;
863;770,2048464;291;8;11;16;14;12;7;
864;884,1548588;284;8;11;16;15;12;7;
865;829,2681802;279;8;13;15;14;12;7;
866;676,7767487;288;8;13;16;14;12;7;
867;790,7267611;281;8;13;16;15;12;7;
868;884,9750122;286;8;13;17;16;12;7;
869;701,3596899;282;8;12;15;16;14;7;
870;795,607941;291;8;12;17;16;14;7;
871;859,5653215;287;8;13;15;16;14;7;
872;870,9467297;284;9;10;13;16;12;7;
873;781,5796585;291;9;10;16;14;12;7;
874;895,5296709;284;9;10;16;15;12;7;
875;898,1133367;275;9;11;13;14;12;7;
876;859,5719176;282;9;11;13;16;12;7;
877;770,2048464;288;9;11;16;14;12;7;
878;884,1548588;282;9;11;16;15;12;7;
879;829,2681802;280;9;13;15;14;12;7;
880;676,7767487;289;9;13;16;14;12;7;
881;790,7267611;282;9;13;16;15;12;7;
882;884,9750122;287;9;13;17;16;12;7;
883;701,3596899;288;9;12;15;16;14;7;
884;795,607941;293;9;17;16;14;12;7;
885;859,5653215;288;9;13;15;16;14;7;
886;812,1441439;291;10;13;16;14;12;7;
887;836,7270852;292;10;15;16;14;12;7;
888;800,7693318;288;11;13;16;14;12;7;
889;825,3522731;289;11;15;16;14;12;7;
890;731,9241753;289;13;15;16;14;12;7;
891;826,1724264;292;13;17;16;14;12;7;
892;850,7553677;292;14;15;16;17;12;7;
893;870,9467297;284;9;10;13;16;12;8;
894;781,5796585;291;9;10;16;14;12;8;
895;895,5296709;284;9;10;16;15;12;8;
896;898,1133367;275;9;11;13;14;12;8;
897;859,5719176;282;9;11;13;16;12;8;
898;770,2048464;289;9;11;16;14;12;8;
899;884,1548588;282;9;11;16;15;12;8;
900;829,2681802;280;9;13;15;14;12;8;
901;676,7767487;289;9;13;16;14;12;8;
902;790,7267611;282;9;13;16;15;12;8;
903;884,9750122;287;9;13;17;16;12;8;
904;701,3596899;288;9;15;16;14;12;8;
905;795,607941;293;9;17;16;14;12;8;
906;859,5653215;289;9;13;15;16;14;8;
907;812,1441439;291;10;13;16;14;12;8;
908;836,7270852;292;10;15;16;14;12;8;
909;800,7693318;288;11;13;16;14;12;8;
910;825,3522731;289;11;15;16;14;12;8;
911;731,9241753;289;13;15;16;14;12;8;
912;826,1724264;292;13;17;16;14;12;8;
913;850,7553677;292;14;15;16;17;12;8;
914;812,1441439;291;12;14;16;13;10;9;
915;836,7270852;292;12;14;16;15;10;9;
916;800,7693318;289;12;14;16;13;11;9;
917;825,3522731;289;12;14;16;15;11;9;
918;731,9241753;290;12;14;16;15;13;9;
919;826,1724264;293;12;14;16;17;13;9;
920;850,7553677;295;12;14;15;16;17;9;
921;867,2915706;292;12;14;16;15;13;10;
922;855,9167585;290;12;14;16;15;13;11;
923;881,3198531;294;13;17;16;15;14;12;
924;831,7767487;292;9;13;16;14;12;7;8
925;856,3596899;291;9;12;15;16;14;7;8
926;886,9241753;290;8;13;15;16;14;12;7
927;886,9241753;290;9;13;15;16;14;12;7
928;886,9241753;290;9;13;15;16;14;12;8
929;182,3;234;18;;;;;;
930;105,8;237;19;;;;;;
931;88,2;233;20;;;;;;
932;240,6;233;21;;;;;;
933;291;267;22;;;;;;
934;269,1;275;23;;;;;;
935;269,8;280;24;;;;;;
936;288,1;238;18;19;;;;;
937;270,5;244;18;20;;;;;
938;422,9;244;18;21;;;;;
939;473,4;272;18;22;;;;;
940;451,4;276;18;23;;;;;
941;452,1;282;18;24;;;;;
942;194;247;19;20;;;;;
943;346,4;248;19;21;;;;;
944;396,8;274;19;22;;;;;
945;374,9;277;19;23;;;;;
946;375,5;283;19;24;;;;;
947;328,8;233;20;21;;;;;
948;379,3;268;20;22;;;;;
949;357,3;277;20;23;;;;;
950;358;280;20;24;;;;;
951;531,7;268;21;22;;;;;
952;509,7;277;21;23;;;;;
953;510,4;280;21;24;;;;;
954;560,1;281;22;23;;;;;
955;560,8;280;22;24;;;;;
956;538,9;284;23;24;;;;;
957;376,3;248;20;18;19;;;;
958;528,7;248;21;18;19;;;;
959;579,1;275;22;19;18;;;;
960;557,2;277;19;23;18;;;;
961;557,9;285;24;19;18;;;;
962;511,2;244;21;20;18;;;;
963;561,6;272;20;22;18;;;;
964;539,6;277;20;23;18;;;;
965;540,3;282;20;24;18;;;;
966;714;272;21;22;18;;;;
967;692;277;21;23;18;;;;
968;692,7;282;21;24;18;;;;
969;742,4;282;22;23;18;;;;
970;743,1;282;22;24;18;;;;
971;721,2;285;24;23;18;;;;
972;434,6;248;21;20;19;;;;
973;485;274;20;22;19;;;;
974;463,1;278;20;23;19;;;;
975;463,8;283;20;24;19;;;;
976;637,5;274;21;22;19;;;;
977;615,5;278;21;23;19;;;;
978;616,2;283;21;24;19;;;;
979;665,9;282;22;23;19;;;;
980;666,6;284;22;24;19;;;;
981;644,6;286;24;23;19;;;;
982;619,9;268;21;22;20;;;;
983;597,9;277;23;21;20;;;;
984;598,6;280;21;24;20;;;;
985;648,3;281;23;22;20;;;;
986;649;280;22;24;20;;;;
987;627,1;284;23;24;20;;;;
988;800,8;281;23;22;21;;;;
989;801,4;280;24;22;21;;;;
990;779,5;284;23;24;21;;;;
991;829,9;285;23;24;22;;;;
992;616,9;248;21;20;18;19;;;
993;667,3;276;20;22;19;18;;;
994;645,4;280;20;23;19;18;;;
995;646,1;285;20;24;19;18;;;
996;819,8;275;21;22;19;18;;;
997;797,8;280;21;23;19;18;;;
998;798,5;285;21;24;19;18;;;
999;848,2;284;22;23;19;18;;;
1000;848,9;286;22;24;19;18;;;
1001;826,9;287;24;23;19;18;;;
1002;802,2;272;20;21;22;18;;;
1003;780,2;277;20;21;23;18;;;
1004;780,9;282;20;21;24;18;;;
1005;830,7;282;20;22;23;18;;;
1006;831,3;282;20;22;24;18;;;
1007;809,4;285;20;24;23;18;;;
1008;725,7;274;20;21;22;19;;;
1009;703,7;278;20;21;23;19;;;
1010;704,4;284;20;21;24;19;;;
1011;754,1;283;20;22;23;19;;;
1012;754,8;284;20;22;24;19;;;
1013;732,8;286;20;24;23;19;;;
1014;885,3;286;21;24;23;19;;;
1015;889;282;23;22;21;20;;;
1016;889,7;280;21;22;24;20;;;
1017;867,7;285;23;24;21;20;;;
1018;886;280;20;21;23;19;18;;
1019;886,7;285;20;21;24;19;18;;
1020;157,9;237;25;;;;;;
1021;220,8;258;26;;;;;;
1022;259,3;258;27;;;;;;
1023;155;263;28;;;;;;
1024;236,5;269;29;;;;;;
1025;165,1;274;30;;;;;;
1026;100,2;274;31;;;;;;
1027;473;275;32;;;;;;
1028;141,1;279;33;;;;;;
1029;378,7;259;25;26;;;;;
1030;417,2;259;25;27;;;;;
1031;312,9;265;25;28;;;;;
1032;394,4;272;25;29;;;;;
1033;323;277;25;30;;;;;
1034;258,2;277;25;31;;;;;
1035;630,9;276;25;32;;;;;
1036;299,1;281;25;33;;;;;
1037;480,1;260;26;27;;;;;
1038;375,8;274;26;28;;;;;
1039;457,3;280;26;29;;;;;
1040;385,9;284;26;30;;;;;
1041;321;284;26;31;;;;;
1042;693,8;282;26;32;;;;;
1043;361,9;287;26;33;;;;;
1044;414,3;273;27;28;;;;;
1045;495,8;279;27;29;;;;;
1046;424,4;283;27;30;;;;;
1047;359,6;283;27;31;;;;;
1048;732,3;281;27;32;;;;;
1049;400,5;286;27;33;;;;;
1050;391,5;270;28;29;;;;;
1051;320,1;274;28;30;;;;;
1052;255,2;275;28;31;;;;;
1053;628;275;28;32;;;;;
1054;296,1;279;28;33;;;;;
1055;401,6;274;29;30;;;;;
1056;336,8;274;29;31;;;;;
1057;709,5;275;29;32;;;;;
1058;377,6;279;29;33;;;;;
1059;265,3;274;30;31;;;;;
1060;638,1;277;30;32;;;;;
1061;306,2;279;30;33;;;;;
1062;573,3;277;31;32;;;;;
1063;241,4;279;31;33;;;;;
1064;614,1;280;32;33;;;;;
1065;638;260;26;27;25;;;;
1066;533,7;275;28;26;25;;;;
1067;615,2;281;29;26;25;;;;
1068;543,8;285;30;26;25;;;;
1069;479;285;31;26;25;;;;
1070;851,7;283;32;26;25;;;;
1071;519,8;288;33;26;25;;;;
1072;572,2;273;28;27;25;;;;
1073;653,7;279;29;27;25;;;;
1074;582,3;283;30;27;25;;;;
1075;517,5;283;31;27;25;;;;
1076;890,2;281;32;27;25;;;;
1077;558,4;286;33;27;25;;;;
1078;549,4;272;29;28;25;;;;
1079;478;277;30;28;25;;;;
1080;413,2;277;31;28;25;;;;
1081;785,9;276;28;32;25;;;;
1082;454,1;281;28;33;25;;;;
1083;559,5;277;29;30;25;;;;
1084;494,7;277;29;31;25;;;;
1085;867,4;277;29;32;25;;;;
1086;535,6;281;29;33;25;;;;
1087;423,3;277;30;31;25;;;;
1088;796;279;30;32;25;;;;
1089;464,1;281;30;33;25;;;;
1090;731,2;279;31;32;25;;;;
1091;399,3;281;31;33;25;;;;
1092;772,1;281;33;32;25;;;;
1093;635,1;274;28;27;26;;;;
1094;716,6;280;29;27;26;;;;
1095;645,2;284;30;27;26;;;;
1096;580,3;284;31;27;26;;;;
1097;621,2;287;33;27;26;;;;
1098;612,3;280;28;29;26;;;;
1099;540,9;284;28;30;26;;;;
1100;476;284;28;31;26;;;;
1101;848,8;282;28;32;26;;;;
1102;516,9;287;28;33;26;;;;
1103;622,4;284;29;30;26;;;;
1104;557,5;284;29;31;26;;;;
1105;598,4;287;29;33;26;;;;
1106;486,1;284;30;31;26;;;;
1107;858,9;284;30;32;26;;;;
1108;527;287;30;33;26;;;;
1109;794;284;31;32;26;;;;
1110;462,2;287;31;33;26;;;;
1111;834,9;287;33;32;26;;;;
1112;650,8;279;28;29;27;;;;
1113;579,4;283;28;30;27;;;;
1114;514,6;283;28;31;27;;;;
1115;887,3;281;28;32;27;;;;
1116;555,5;286;28;33;27;;;;
1117;660,9;283;29;30;27;;;;
1118;596,1;283;29;31;27;;;;
1119;637;286;29;33;27;;;;
1120;524,6;283;30;31;27;;;;
1121;897,4;283;30;32;27;;;;
1122;565,5;286;30;33;27;;;;
1123;832,6;283;31;32;27;;;;
1124;500,7;286;31;33;27;;;;
1125;873,5;286;33;32;27;;;;
1126;556,6;274;30;29;28;;;;
1127;491,8;275;31;29;28;;;;
1128;864,5;275;29;32;28;;;;
1129;532,6;279;29;33;28;;;;
1130;420,3;275;30;31;28;;;;
1131;793,1;277;30;32;28;;;;
1132;461,2;279;30;33;28;;;;
1133;728,3;277;31;32;28;;;;
1134;396,4;279;31;33;28;;;;
1135;769,1;280;32;33;28;;;;
1136;501,8;274;30;31;29;;;;
1137;874,6;277;32;30;29;;;;
1138;542,7;279;30;33;29;;;;
1139;809,8;277;32;31;29;;;;
1140;477,9;279;31;33;29;;;;
1141;850,6;280;32;33;29;;;;
1142;738,3;277;32;31;30;;;;
1143;406,5;279;33;31;30;;;;
1144;779,2;280;32;33;30;;;;
1145;714,4;280;32;33;31;;;;
1146;793;275;28;27;26;25;;;
1147;874,5;281;29;27;26;25;;;
1148;803,1;285;30;27;26;25;;;
1149;738,3;285;31;27;26;25;;;
1150;779,2;288;33;27;26;25;;;
1151;770,2;281;28;29;26;25;;;
1152;698,8;285;28;30;26;25;;;
1153;634;285;28;31;26;25;;;
1154;674,8;288;28;33;26;25;;;
1155;780,3;285;29;30;26;25;;;
1156;715,5;285;29;31;26;25;;;
1157;756,3;288;29;33;26;25;;;
1158;644;285;30;31;26;25;;;
1159;684,9;288;30;33;26;25;;;
1160;620,1;288;31;33;26;25;;;
1161;808,7;279;28;29;27;25;;;
1162;737,3;283;28;30;27;25;;;
1163;672,5;283;28;31;27;25;;;
1164;713,4;286;28;33;27;25;;;
1165;818,8;283;29;30;27;25;;;
1166;754;283;29;31;27;25;;;
1167;794,9;286;29;33;27;25;;;
1168;682,6;283;30;31;27;25;;;
1169;723,5;286;30;33;27;25;;;
1170;658,6;286;31;33;27;25;;;
1171;714,5;277;30;29;28;25;;;
1172;649,7;277;31;29;28;25;;;
1173;690,6;282;28;29;33;25;;;
1174;578,3;277;30;31;28;25;;;
1175;619,1;282;28;30;33;25;;;
1176;886,2;279;28;31;32;25;;;
1177;554,3;282;28;31;33;25;;;
1178;659,8;277;29;30;31;25;;;
1179;700,6;282;29;30;33;25;;;
1180;635,8;282;29;31;33;25;;;
1181;896,3;279;30;31;32;25;;;
1182;564,4;282;30;31;33;25;;;
1183;872,3;282;31;33;32;25;;;
1184;871,6;280;28;29;27;26;;;
1185;800,2;284;28;30;27;26;;;
1186;735,3;284;28;31;27;26;;;
1187;776,2;287;28;33;27;26;;;
1188;881,7;284;29;30;27;26;;;
1189;816,8;284;29;31;27;26;;;
1190;857,7;287;29;33;27;26;;;
1191;745,4;284;30;31;27;26;;;
1192;786,3;287;30;33;27;26;;;
1193;721,5;287;31;33;27;26;;;
1194;777,4;284;28;29;30;26;;;
1195;712,5;284;28;29;31;26;;;
1196;753,4;287;28;29;33;26;;;
1197;641,1;284;28;30;31;26;;;
1198;682;287;28;30;33;26;;;
1199;617,2;287;28;31;33;26;;;
1200;722,6;284;29;30;31;26;;;
1201;763,5;287;29;30;33;26;;;
1202;698,7;287;29;31;33;26;;;
1203;627,3;287;30;31;33;26;;;
1204;815,9;283;28;29;30;27;;;
1205;751,1;283;28;29;31;27;;;
1206;792;286;28;29;33;27;;;
1207;679,6;283;28;30;31;27;;;
1208;720,5;286;28;30;33;27;;;
1209;655,7;286;28;31;33;27;;;
1210;761,1;283;29;30;31;27;;;
1211;802;286;29;30;33;27;;;
1212;737,2;286;29;31;33;27;;;
1213;665,8;286;30;31;33;27;;;
1214;656,8;275;30;31;29;28;;;
1215;697,7;279;29;30;33;28;;;
1216;632,9;279;29;31;33;28;;;
1217;893,3;277;30;31;32;28;;;
1218;561,5;279;30;31;33;28;;;
1219;869,4;280;31;33;32;28;;;
1220;643;279;30;31;33;29;;;
1221;879,5;280;32;33;31;30;;;
1222;893,3;285;28;31;27;26;25;;
1223;879,4;288;31;33;27;26;25;;
1224;870,5;285;28;29;31;26;25;;
1225;799;285;28;30;31;26;25;;
1226;839,9;288;28;30;33;26;25;;
1227;775,1;288;28;31;33;26;25;;
1228;880,5;285;29;30;31;26;25;;
1229;856,6;288;29;31;33;26;25;;
1230;785,2;288;30;31;33;26;25;;
1231;837,6;283;28;30;31;27;25;;
1232;878,5;287;28;30;33;27;25;;
1233;813,6;287;28;31;33;27;25;;
1234;895,1;286;29;31;33;27;25;;
1235;823,7;286;30;31;33;27;25;;
1236;814,8;277;30;31;29;28;25;;
1237;855,6;282;28;29;30;33;25;;
1238;790,8;282;28;29;31;33;25;;
1239;719,4;282;28;30;31;33;25;;
1240;800,9;282;29;30;31;33;25;;
1241;876,5;287;28;31;33;27;26;;
1242;886,6;287;30;31;33;27;26;;
1243;877,6;284;28;29;30;31;26;;
1244;853,7;287;28;29;31;33;26;;
1245;782,3;287;28;30;31;33;26;;
1246;863,8;287;29;30;31;33;26;;
1247;892,2;286;28;29;31;33;27;;
1248;820,8;286;28;30;31;33;27;;
1249;798;279;29;30;31;33;28;;
1250;270,5;297;34;;;;;;
1251;153,4;305;35;;;;;;
1252;217,2;308;36;;;;;;
1253;258;308;37;;;;;;
1254;221;310;38;;;;;;
1255;511,4;312;39;;;;;;
1256;48,6;314;40;;;;;;
1257;155;320;41;;;;;;
1258;423,9;310;34;35;;;;;
1259;487,7;313;34;36;;;;;
1260;528,5;309;34;37;;;;;
1261;491,5;316;34;38;;;;;
1262;781,9;321;34;39;;;;;
1263;319,1;324;34;40;;;;;
1264;425,5;335;34;41;;;;;
1265;370,6;309;35;36;;;;;
1266;411,4;311;35;37;;;;;
1267;374,4;312;35;38;;;;;
1268;664,8;317;35;39;;;;;
1269;202;320;35;40;;;;;
1270;308,4;331;35;41;;;;;
1271;475,2;314;36;37;;;;;
1272;438,2;311;36;38;;;;;
1273;728,6;316;36;39;;;;;
1274;265,8;319;36;40;;;;;
1275;372,2;330;36;41;;;;;
1276;479;317;37;38;;;;;
1277;769,4;322;37;39;;;;;
1278;306,6;325;37;40;;;;;
1279;413;336;37;41;;;;;
1280;732,4;316;38;39;;;;;
1281;269,6;319;38;40;;;;;
1282;376;330;38;41;;;;;
1283;560;315;39;40;;;;;
1284;666,4;326;39;41;;;;;
1285;203,6;325;40;41;;;;;
1286;641,1;313;36;35;34;;;;
1287;681,9;312;35;37;34;;;;
1288;644,9;316;38;35;34;;;;
1289;472,5;324;40;35;34;;;;
1290;578,9;335;41;35;34;;;;
1291;745,7;315;36;37;34;;;;
1292;708,7;316;38;36;34;;;;
1293;536,3;324;40;36;34;;;;
1294;642,7;335;41;36;34;;;;
1295;749,5;317;38;37;34;;;;
1296;577,1;326;40;37;34;;;;
1297;683,5;337;41;37;34;;;;
1298;540,1;324;40;38;34;;;;
1299;646,5;335;41;38;34;;;;
1300;830,5;324;40;39;34;;;;
1301;474,1;335;41;40;34;;;;
1302;628,6;315;37;35;36;;;;
1303;591,6;312;38;36;35;;;;
1304;882;317;39;36;35;;;;
1305;419,2;320;40;36;35;;;;
1306;525,6;331;41;36;35;;;;
1307;632,4;318;38;35;37;;;;
1308;460;326;40;35;37;;;;
1309;566,4;337;41;35;37;;;;
1310;885,8;317;39;38;35;;;;
1311;423;320;40;38;35;;;;
1312;529,4;331;41;38;35;;;;
1313;713,4;320;40;39;35;;;;
1314;819,8;331;41;39;35;;;;
1315;357;331;41;40;35;;;;
1316;696,2;317;37;38;36;;;;
1317;523,8;325;40;36;37;;;;
1318;630,2;336;41;36;37;;;;
1319;486,8;319;40;38;36;;;;
1320;593,2;330;41;38;36;;;;
1321;777,2;319;40;39;36;;;;
1322;883,6;330;41;39;36;;;;
1323;420,8;330;41;40;36;;;;
1324;527,6;325;40;38;37;;;;
1325;634;336;41;38;37;;;;
1326;818;325;40;39;37;;;;
1327;461,6;336;41;40;37;;;;
1328;781;319;40;39;38;;;;
1329;887,4;330;41;39;38;;;;
1330;424,6;330;41;40;38;;;;
1331;715;326;41;40;39;;;;
1332;899,1;316;36;35;37;34;;;
1333;862,1;316;38;36;35;34;;;
1334;689,7;324;40;36;35;34;;;
1335;796,1;335;41;36;35;34;;;
1336;730,5;327;40;35;37;34;;;
1337;836,9;338;41;35;37;34;;;
1338;693,5;325;40;38;35;34;;;
1339;799,9;335;41;38;35;34;;;
1340;627,5;335;41;40;35;34;;;
1341;794,3;326;40;36;37;34;;;
1342;757,3;325;40;38;36;34;;;
1343;863,7;336;41;38;36;34;;;
1344;691,3;335;41;40;36;34;;;
1345;798,1;326;40;38;37;34;;;
1346;732,1;337;41;40;37;34;;;
1347;695,1;335;41;40;38;34;;;
1348;849,6;318;38;36;35;37;;;
1349;677,2;326;40;36;35;37;;;
1350;783,6;337;41;36;35;37;;;
1351;640,2;320;40;38;36;35;;;
1352;746,6;331;41;38;36;35;;;
1353;574,2;331;41;40;36;35;;;
1354;681;326;40;38;35;37;;;
1355;787,4;337;41;38;35;37;;;
1356;615;337;41;40;35;37;;;
1357;578;331;41;40;38;35;;;
1358;868,4;331;41;40;39;35;;;
1359;744,8;326;40;38;36;37;;;
1360;851,2;336;41;38;36;37;;;
1361;678,8;336;41;40;36;37;;;
1362;641,8;330;41;40;38;36;;;
1363;682,6;336;41;40;38;37;;;
1364;844,7;335;41;40;36;35;34;;
1365;885,5;338;41;40;35;37;34;;
1366;848,5;335;41;40;38;35;34;;
1367;898,2;326;40;38;36;35;37;;
1368;832,2;337;41;40;36;35;37;;
1369;795,2;331;41;40;38;36;35;;
1370;836;337;41;40;38;35;37;;
1371;899,8;336;41;40;38;36;37;;
1372;211,5;314;42;;;;;;
1373;364,1;320;43;;;;;;
1374;197,8;325;44;;;;;;
1375;104,2;333;45;;;;;;
1376;263,7;333;46;;;;;;
1377;341,5;351;47;;;;;;
1378;70,5;353;48;;;;;;
1379;224,7;358;49;;;;;;
1380;575,6;322;42;43;;;;;
1381;409,4;325;42;44;;;;;
1382;315,7;333;42;45;;;;;
1383;475,3;333;42;46;;;;;
1384;553;352;42;47;;;;;
1385;282,1;354;42;48;;;;;
1386;436,3;358;42;49;;;;;
1387;561,9;326;43;44;;;;;
1388;468,2;336;43;45;;;;;
1389;627,8;336;43;46;;;;;
1390;705,6;353;43;47;;;;;
1391;434,6;355;43;48;;;;;
1392;588,8;359;43;49;;;;;
1393;302;336;44;45;;;;;
1394;461,6;335;44;46;;;;;
1395;539,3;352;44;47;;;;;
1396;268,4;354;44;48;;;;;
1397;422,5;358;44;49;;;;;
1398;367,9;334;45;46;;;;;
1399;445,7;352;45;47;;;;;
1400;174,7;354;45;48;;;;;
1401;328,9;358;45;49;;;;;
1402;605,2;351;46;47;;;;;
1403;334,3;353;46;48;;;;;
1404;488,5;358;46;49;;;;;
1405;412;353;47;48;;;;;
1406;566,2;358;47;49;;;;;
1407;295,3;358;48;49;;;;;
1408;773,4;326;43;44;42;;;;
1409;679,8;337;43;45;42;;;;
1410;839,4;336;43;46;42;;;;
1411;646,2;355;43;48;42;;;;
1412;800,3;359;43;49;42;;;;
1413;513,5;336;45;44;42;;;;
1414;673,1;335;44;46;42;;;;
1415;750,8;352;44;47;42;;;;
1416;479,9;354;44;48;42;;;;
1417;634,1;358;44;49;42;;;;
1418;579,4;334;45;46;42;;;;
1419;657,2;352;45;47;42;;;;
1420;386,2;354;45;48;42;;;;
1421;540,4;358;45;49;42;;;;
1422;816,8;352;46;47;42;;;;
1423;545,8;354;46;48;42;;;;
1424;700;358;46;49;42;;;;
1425;623,6;354;47;48;42;;;;
1426;777,7;358;49;47;42;;;;
1427;506,8;358;49;48;42;;;;
1428;666,1;336;45;44;43;;;;
1429;825,6;336;46;44;43;;;;
1430;632,5;355;48;44;43;;;;
1431;786,6;359;49;44;43;;;;
1432;732;337;45;46;43;;;;
1433;809,7;353;45;47;43;;;;
1434;538,8;355;45;48;43;;;;
1435;693;359;45;49;43;;;;
1436;698,4;355;46;48;43;;;;
1437;852,5;359;46;49;43;;;;
1438;776,1;355;47;48;43;;;;
1439;659,4;359;48;49;43;;;;
1440;565,7;336;45;46;44;;;;
1441;643,5;352;45;47;44;;;;
1442;372,5;354;45;48;44;;;;
1443;526,7;358;45;49;44;;;;
1444;803;352;46;47;44;;;;
1445;532,1;354;46;48;44;;;;
1446;686,3;358;46;49;44;;;;
1447;609,9;354;47;48;44;;;;
1448;764;358;47;49;44;;;;
1449;493,1;358;48;49;44;;;;
1450;709,4;352;46;47;45;;;;
1451;438,4;354;46;48;45;;;;
1452;592,6;358;46;49;45;;;;
1453;516,2;354;47;48;45;;;;
1454;670,4;358;47;49;45;;;;
1455;399,4;358;48;49;45;;;;
1456;675,8;353;47;48;46;;;;
1457;829,9;358;47;49;46;;;;
1458;559;358;48;49;46;;;;
1459;636,8;358;49;48;47;;;;
1460;877,6;337;43;44;45;42;;;
1461;844;355;43;44;48;42;;;
1462;750,3;355;43;48;45;42;;;
1463;870,9;359;43;49;48;42;;;
1464;777,2;336;45;46;44;42;;;
1465;855;353;45;47;44;42;;;
1466;584,1;355;45;48;44;42;;;
1467;738,2;359;45;49;44;42;;;
1468;743,6;354;44;48;46;42;;;
1469;897,8;359;44;49;46;42;;;
1470;821,4;354;44;48;47;42;;;
1471;704,6;358;44;49;48;42;;;
1472;650;354;45;48;46;42;;;
1473;804,1;358;45;49;46;42;;;
1474;727,7;354;45;48;47;42;;;
1475;881,9;358;45;49;47;42;;;
1476;611;358;45;49;48;42;;;
1477;887,3;354;46;48;47;42;;;
1478;770,5;358;46;49;48;42;;;
1479;848,3;358;49;48;47;42;;;
1480;736,6;355;45;48;44;43;;;
1481;890,8;359;45;49;44;43;;;
1482;896,2;355;46;48;44;43;;;
1483;857,2;359;48;49;44;43;;;
1484;802,5;356;45;46;48;43;;;
1485;880,3;355;45;47;48;43;;;
1486;763,5;359;45;48;49;43;;;
1487;636,3;355;45;46;48;44;;;
1488;790,4;359;45;46;49;44;;;
1489;714;354;45;47;48;44;;;
1490;868,2;358;45;47;49;44;;;
1491;597,3;358;45;48;49;44;;;
1492;873,6;354;46;47;48;44;;;
1493;756,8;358;46;48;49;44;;;
1494;834,6;358;47;48;49;44;;;
1495;779,9;354;46;47;48;45;;;
1496;663,2;358;46;48;49;45;;;
1497;740,9;358;47;48;49;45;;;
1498;847,8;356;44;48;45;46;42;;
1499;808,8;359;45;48;49;44;42;;
1500;874,7;358;45;49;48;46;42;;
1501;861;359;45;46;48;49;44;;
1502;99,4;341;50;;;;;;
1503;101;343;51;;;;;;
1504;169,4;345;52;;;;;;
1505;400,8;349;53;;;;;;
1506;497,1;351;54;;;;;;
1507;195,4;361;55;;;;;;
1508;437,1;369;56;;;;;;
1509;243,4;375;57;;;;;;
1510;42,1;386;58;;;;;;
1511;262,5;385;59;;;;;;
1512;200,3;346;50;51;;;;;
1513;268,7;355;50;52;;;;;
1514;500,2;358;50;53;;;;;
1515;596,4;352;50;54;;;;;
1516;294,8;362;50;55;;;;;
1517;536,4;373;50;56;;;;;
1518;342,8;375;50;57;;;;;
1519;141,4;386;50;58;;;;;
1520;361,9;388;50;59;;;;;
1521;270,3;352;51;52;;;;;
1522;501,8;355;51;53;;;;;
1523;598,1;354;51;54;;;;;
1524;296,4;364;51;55;;;;;
1525;538;371;51;56;;;;;
1526;344,4;375;51;57;;;;;
1527;143,1;386;51;58;;;;;
1528;363,5;386;51;59;;;;;
1529;570,2;349;52;53;;;;;
1530;666,4;362;52;54;;;;;
1531;364,8;371;52;55;;;;;
1532;606,4;369;52;56;;;;;
1533;412,8;377;52;57;;;;;
1534;211,4;389;52;58;;;;;
1535;431,9;386;52;59;;;;;
1536;897,9;365;53;54;;;;;
1537;596,3;373;53;55;;;;;
1538;837,9;370;53;56;;;;;
1539;644,3;377;53;57;;;;;
1540;442,9;390;53;58;;;;;
1541;663,3;386;53;59;;;;;
1542;692,5;362;54;55;;;;;
1543;740,5;376;54;57;;;;;
1544;539,2;386;54;58;;;;;
1545;759,6;390;54;59;;;;;
1546;632,5;381;55;56;;;;;
1547;438,9;379;55;57;;;;;
1548;237,5;387;55;58;;;;;
1549;457,9;393;55;59;;;;;
1550;680,5;379;56;57;;;;;
1551;479,1;391;56;58;;;;;
1552;699,6;385;56;59;;;;;
1553;285,5;387;57;58;;;;;
1554;505,9;389;57;59;;;;;
1555;304,6;397;58;59;;;;;
1556;369,7;355;52;51;50;;;;
1557;601,2;358;53;51;50;;;;
1558;697,4;355;51;54;50;;;;
1559;395,7;365;51;55;50;;;;
1560;637,4;374;51;56;50;;;;
1561;443,7;375;51;57;50;;;;
1562;242,4;386;51;58;50;;;;
1563;462,8;389;51;59;50;;;;
1564;669,5;358;52;53;50;;;;
1565;765,8;363;52;54;50;;;;
1566;464,1;372;52;55;50;;;;
1567;705,8;373;52;56;50;;;;
1568;512,1;377;52;57;50;;;;
1569;310,8;389;52;58;50;;;;
1570;531,2;388;52;59;50;;;;
1571;695,6;374;53;55;50;;;;
1572;743,6;378;53;57;50;;;;
1573;542,3;390;53;58;50;;;;
1574;762,7;388;53;59;50;;;;
1575;791,9;362;55;54;50;;;;
1576;839,9;377;57;54;50;;;;
1577;638,5;386;54;58;50;;;;
1578;858,9;390;59;54;50;;;;
1579;731,8;381;56;55;50;;;;
1580;538,2;379;55;57;50;;;;
1581;336,9;387;55;58;50;;;;
1582;557,3;394;59;55;50;;;;
1583;779,8;379;56;57;50;;;;
1584;578,5;391;56;58;50;;;;
1585;798,9;388;56;59;50;;;;
1586;384,9;387;57;58;50;;;;
1587;605,3;389;59;57;50;;;;
1588;403,9;397;59;58;50;;;;
1589;671,2;355;52;53;51;;;;
1590;767,4;363;54;51;52;;;;
1591;465,7;373;55;51;52;;;;
1592;707,4;371;52;56;51;;;;
1593;513,7;377;52;57;51;;;;
1594;312,4;390;52;58;51;;;;
1595;532,8;387;52;59;51;;;;
1596;697,2;376;53;55;51;;;;
1597;745,2;377;53;57;51;;;;
1598;543,9;391;53;58;51;;;;
1599;764,3;387;53;59;51;;;;
1600;793,5;365;54;55;51;;;;
1601;841,5;376;54;57;51;;;;
1602;640,1;386;54;58;51;;;;
1603;860,6;391;54;59;51;;;;
1604;733,5;382;55;56;51;;;;
1605;539,8;379;55;57;51;;;;
1606;338,5;387;55;58;51;;;;
1607;558,9;394;55;59;51;;;;
1608;781,5;379;56;57;51;;;;
1609;580,1;392;56;58;51;;;;
1610;800,5;386;56;59;51;;;;
1611;386,5;387;58;57;51;;;;
1612;606,9;389;59;57;51;;;;
1613;405,6;398;59;58;51;;;;
1614;765,6;373;55;53;52;;;;
1615;813,6;377;57;53;52;;;;
1616;612,3;390;58;53;52;;;;
1617;832,7;386;53;59;52;;;;
1618;861,9;372;54;55;52;;;;
1619;708,5;389;54;58;52;;;;
1620;801,8;381;55;56;52;;;;
1621;608,2;381;55;57;52;;;;
1622;406,9;390;55;58;52;;;;
1623;627,3;393;55;59;52;;;;
1624;849,8;379;57;56;52;;;;
1625;648,5;391;58;56;52;;;;
1626;868,9;386;56;59;52;;;;
1627;454,9;389;58;57;52;;;;
1628;675,3;389;57;59;52;;;;
1629;473,9;397;58;59;52;;;;
1630;839,7;382;55;57;53;;;;
1631;638,4;391;55;58;53;;;;
1632;858,8;393;55;59;53;;;;
1633;880;392;58;56;53;;;;
1634;686,4;390;58;57;53;;;;
1635;705,4;397;58;59;53;;;;
1636;734,6;387;55;58;54;;;;
1637;782,6;388;57;58;54;;;;
1638;801,7;397;59;58;54;;;;
1639;875,9;383;56;57;55;;;;
1640;674,6;392;56;58;55;;;;
1641;895;393;56;59;55;;;;
1642;480,9;388;57;58;55;;;;
1643;701,3;393;59;57;55;;;;
1644;500;398;59;58;55;;;;
1645;722,6;392;58;57;56;;;;
1646;741,6;397;58;59;56;;;;
1647;548;399;59;58;57;;;;
1648;770,5;359;52;53;51;50;;;
1649;866,8;364;52;51;54;50;;;
1650;565,1;374;52;51;55;50;;;
1651;806,7;374;52;56;51;50;;;
1652;613,1;380;52;57;51;50;;;
1653;411,8;393;52;58;51;50;;;
1654;632,2;390;52;59;51;50;;;
1655;796,6;378;53;51;55;50;;;
1656;844,6;381;53;57;51;50;;;
1657;643,2;394;53;58;51;50;;;
1658;863,7;390;53;59;51;50;;;
1659;892,8;365;51;55;54;50;;;
1660;739,5;387;51;58;54;50;;;
1661;832,8;383;51;56;55;50;;;
1662;639,2;380;51;57;55;50;;;
1663;437,8;388;51;58;55;50;;;
1664;658,2;395;51;59;55;50;;;
1665;880,8;381;51;56;57;50;;;
1666;679,5;392;51;56;58;50;;;
1667;899,9;389;51;56;59;50;;;
1668;485,8;387;51;57;58;50;;;
1669;706,2;390;51;59;57;50;;;
1670;504,9;398;51;59;58;50;;;
1671;865;374;52;53;55;50;;;
1672;711,6;390;52;53;58;50;;;
1673;807,9;390;52;58;54;50;;;
1674;707,6;382;52;57;55;50;;;
1675;506,2;391;52;58;55;50;;;
1676;726,6;394;52;59;55;50;;;
1677;747,9;391;52;56;58;50;;;
1678;554,2;389;52;57;58;50;;;
1679;774,6;389;52;59;57;50;;;
1680;573,3;397;52;59;58;50;;;
1681;737,7;392;53;58;55;50;;;
1682;785,7;390;53;57;58;50;;;
1683;804,8;397;53;59;58;50;;;
1684;834;387;54;55;58;50;;;
1685;882;388;57;58;54;50;;;
1686;773,9;393;56;58;55;50;;;
1687;580,3;389;55;58;57;50;;;
1688;800,7;394;59;57;55;50;;;
1689;599,4;399;59;58;55;50;;;
1690;821,9;392;56;57;58;50;;;
1691;841;397;56;59;58;50;;;
1692;647,4;399;59;58;57;50;;;
1693;866,6;377;52;53;55;51;;;
1694;713,2;391;52;53;58;51;;;
1695;809,5;393;52;58;54;51;;;
1696;709,2;384;52;57;55;51;;;
1697;507,8;393;52;58;55;51;;;
1698;728,2;396;52;59;55;51;;;
1699;749,5;392;52;56;58;51;;;
1700;555,8;390;52;57;58;51;;;
1701;776,2;389;52;59;57;51;;;
1702;574,9;398;52;59;58;51;;;
1703;739,3;394;53;58;55;51;;;
1704;787,3;391;53;57;58;51;;;
1705;806,4;398;53;59;58;51;;;
1706;835,6;387;54;55;58;51;;;
1707;883,6;388;54;58;57;51;;;
1708;775,5;393;55;58;56;51;;;
1709;581,9;388;55;58;57;51;;;
1710;802,3;394;55;57;59;51;;;
1711;601;399;55;58;59;51;;;
1712;823,5;392;56;57;58;51;;;
1713;842,6;398;56;59;58;51;;;
1714;649;399;59;58;57;51;;;
1715;807,7;391;55;58;53;52;;;
1716;855,7;390;58;57;53;52;;;
1717;874,8;398;58;59;53;52;;;
1718;843,9;392;55;58;56;52;;;
1719;650,3;390;55;58;57;52;;;
1720;870,7;393;55;57;59;52;;;
1721;669,4;398;55;58;59;52;;;
1722;891,9;392;58;57;56;52;;;
1723;717,4;399;57;58;59;52;;;
1724;881,8;391;55;58;57;53;;;
1725;743,4;401;57;59;58;55;;;
1726;812,6;394;52;53;58;51;50;;
1727;808,5;387;52;57;55;50;51;;
1728;607,2;396;52;58;55;50;51;;
1729;827,6;399;52;59;55;50;51;;
1730;848,8;395;52;56;58;51;50;;
1731;655,2;393;52;57;58;51;50;;
1732;875,6;392;52;59;57;51;50;;
1733;674,3;401;52;59;58;51;50;;
1734;838,7;397;53;58;55;50;51;;
1735;886,7;394;53;57;58;51;50;;
1736;874,9;394;51;56;58;55;50;;
1737;681,3;389;51;57;58;55;50;;
1738;700,3;400;51;59;58;55;50;;
1739;748,3;400;51;59;58;57;50;;
1740;749,6;391;52;57;58;55;50;;
1741;768,7;399;52;59;58;55;50;;
1742;816,7;399;52;59;58;57;50;;
1743;842,8;402;55;58;59;57;50;;
1744;751,3;393;52;57;58;55;51;;
1745;770,3;401;52;59;58;55;51;;
1746;818,3;399;52;59;58;57;51;;
1747;844,4;401;55;58;59;57;51;;
1748;850,6;396;52;57;58;55;50;51;
1749;869,7;404;52;59;58;55;50;51;
1750;56,3;337;60;;;;;;
1751;689,1;344;61;;;;;;
1752;406,3;350;62;;;;;;
1753;236,5;353;63;;;;;;
1754;236,5;357;64;;;;;;
1755;236,5;360;65;;;;;;
1756;313;358;66;;;;;;
1757;233,2;358;67;;;;;;
1758;354,7;372;68;;;;;;
1759;325;377;69;;;;;;
1760;236,5;381;70;;;;;;
1761;236,5;382;71;;;;;;
1762;745,4;344;60;61;;;;;
1763;462,6;356;60;62;;;;;
1764;292,8;353;60;63;;;;;
1765;292,8;362;60;64;;;;;
1766;292,8;364;60;65;;;;;
1767;369,2;358;60;66;;;;;
1768;289,5;359;60;67;;;;;
1769;410,9;378;60;68;;;;;
1770;381,3;377;60;69;;;;;
1771;292,8;381;60;70;;;;;
1772;292,8;382;60;71;;;;;
1773;642,8;360;62;63;;;;;
1774;642,8;357;62;64;;;;;
1775;642,8;360;62;65;;;;;
1776;719,2;369;62;66;;;;;
1777;639,5;371;62;67;;;;;
1778;760,9;373;62;68;;;;;
1779;731,2;384;62;69;;;;;
1780;642,8;384;62;70;;;;;
1781;642,8;387;62;71;;;;;
1782;473;364;63;64;;;;;
1783;473;365;63;65;;;;;
1784;549,5;362;63;66;;;;;
1785;469,8;363;63;67;;;;;
1786;591,2;379;63;68;;;;;
1787;561,5;378;63;69;;;;;
1788;473;381;63;70;;;;;
1789;473;383;63;71;;;;;
1790;473;360;64;65;;;;;
1791;549,5;372;64;66;;;;;
1792;469,8;374;64;67;;;;;
1793;591,2;374;64;68;;;;;
1794;561,5;385;64;69;;;;;
1795;473;385;64;70;;;;;
1796;473;388;64;71;;;;;
1797;549,5;373;65;66;;;;;
1798;469,8;375;65;67;;;;;
1799;591,2;374;65;68;;;;;
1800;561,5;385;65;69;;;;;
1801;473;385;65;70;;;;;
1802;473;388;65;71;;;;;
1803;546,2;359;66;67;;;;;
1804;667,6;386;66;68;;;;;
1805;637,9;377;66;69;;;;;
1806;549,5;381;66;70;;;;;
1807;549,5;383;66;71;;;;;
1808;587,9;388;67;68;;;;;
1809;558,2;377;67;69;;;;;
1810;469,8;382;67;70;;;;;
1811;469,8;383;67;71;;;;;
1812;679,6;395;68;69;;;;;
1813;591,2;393;68;70;;;;;
1814;591,2;397;68;71;;;;;
1815;561,5;384;69;70;;;;;
1816;561,5;383;69;71;;;;;
1817;473;384;70;71;;;;;
1818;699,1;361;62;63;60;;;;
1819;699,1;362;62;64;60;;;;
1820;699,1;364;62;65;60;;;;
1821;775,5;370;62;66;60;;;;
1822;695,8;372;62;67;60;;;;
1823;817,2;379;62;68;60;;;;
1824;787,5;384;62;69;60;;;;
1825;699,1;384;62;70;60;;;;
1826;699,1;387;62;71;60;;;;
1827;529,3;364;64;63;60;;;;
1828;529,3;366;65;63;60;;;;
1829;605,7;362;66;63;60;;;;
1830;526;363;67;63;60;;;;
1831;647,4;380;68;63;60;;;;
1832;617,8;379;63;69;60;;;;
1833;529,3;381;63;70;60;;;;
1834;529,3;383;63;71;60;;;;
1835;529,3;364;64;65;60;;;;
1836;605,7;373;64;66;60;;;;
1837;526;375;64;67;60;;;;
1838;647,4;379;68;64;60;;;;
1839;617,8;385;64;69;60;;;;
1840;529,3;385;64;70;60;;;;
1841;529,3;388;64;71;60;;;;
1842;605,7;373;65;66;60;;;;
1843;526;375;65;67;60;;;;
1844;647,4;378;68;65;60;;;;
1845;617,8;386;65;69;60;;;;
1846;529,3;385;65;70;60;;;;
1847;529,3;388;65;71;60;;;;
1848;602,5;360;67;66;60;;;;
1849;723,9;387;68;66;60;;;;
1850;694,2;377;66;69;60;;;;
1851;605,7;381;66;70;60;;;;
1852;605,7;383;66;71;60;;;;
1853;644,2;389;68;67;60;;;;
1854;614,5;377;67;69;60;;;;
1855;526;382;67;70;60;;;;
1856;526;383;67;71;60;;;;
1857;735,9;396;68;69;60;;;;
1858;647,4;393;68;70;60;;;;
1859;647,4;397;68;71;60;;;;
1860;617,8;384;69;70;60;;;;
1861;617,8;383;69;71;60;;;;
1862;529,3;384;71;70;60;;;;
1863;879,3;364;63;64;62;;;;
1864;879,3;365;63;65;62;;;;
1865;876;371;67;63;62;;;;
1866;879,3;384;63;70;62;;;;
1867;879,3;388;63;71;62;;;;
1868;879,3;360;65;64;62;;;;
1869;876;374;67;64;62;;;;
1870;879,3;385;70;64;62;;;;
1871;879,3;388;71;64;62;;;;
1872;876;375;67;65;62;;;;
1873;879,3;385;70;65;62;;;;
1874;879,3;388;71;65;62;;;;
1875;876;386;67;70;62;;;;
1876;876;388;67;71;62;;;;
1877;879,3;388;71;70;62;;;;
1878;709,5;365;64;65;63;;;;
1879;786;373;66;63;64;;;;
1880;706,3;374;67;63;64;;;;
1881;827,7;381;68;64;63;;;;
1882;798;387;64;69;63;;;;
1883;709,5;385;64;70;63;;;;
1884;709,5;389;64;71;63;;;;
1885;786;374;66;63;65;;;;
1886;706,3;376;67;63;65;;;;
1887;827,7;380;68;65;63;;;;
1888;798;387;65;69;63;;;;
1889;709,5;385;65;70;63;;;;
1890;709,5;389;65;71;63;;;;
1891;782,7;363;67;66;63;;;;
1892;874,4;378;66;69;63;;;;
1893;786;382;66;70;63;;;;
1894;786;383;66;71;63;;;;
1895;824,4;390;68;63;67;;;;
1896;794,7;378;67;69;63;;;;
1897;706,3;382;67;70;63;;;;
1898;706,3;383;67;71;63;;;;
1899;827,7;393;68;70;63;;;;
1900;827,7;397;68;71;63;;;;
1901;798;384;69;70;63;;;;
1902;798;384;69;71;63;;;;
1903;709,5;384;71;70;63;;;;
1904;786;373;66;65;64;;;;
1905;706,3;375;67;65;64;;;;
1906;827,7;374;68;65;64;;;;
1907;798;385;69;65;64;;;;
1908;709,5;385;70;65;64;;;;
1909;709,5;388;71;65;64;;;;
1910;782,7;374;67;66;64;;;;
1911;874,4;385;66;69;64;;;;
1912;786;386;66;70;64;;;;
1913;786;388;66;71;64;;;;
1914;824,4;389;67;68;64;;;;
1915;794,7;385;67;69;64;;;;
1916;706,3;386;67;70;64;;;;
1917;706,3;389;67;71;64;;;;
1918;827,7;395;70;68;64;;;;
1919;827,7;398;71;68;64;;;;
1920;798;388;69;70;64;;;;
1921;798;389;69;71;64;;;;
1922;709,5;389;71;70;64;;;;
1923;782,7;375;67;66;65;;;;
1924;874,4;385;66;69;65;;;;
1925;786;386;66;70;65;;;;
1926;786;388;66;71;65;;;;
1927;824,4;389;68;65;67;;;;
1928;794,7;385;67;69;65;;;;
1929;706,3;386;67;70;65;;;;
1930;706,3;389;67;71;65;;;;
1931;827,7;395;70;68;65;;;;
1932;827,7;399;71;68;65;;;;
1933;798;388;69;70;65;;;;
1934;798;389;69;71;65;;;;
1935;709,5;388;71;70;65;;;;
1936;871,2;377;67;69;66;;;;
1937;782,7;383;67;70;66;;;;
1938;782,7;383;67;71;66;;;;
1939;874,4;384;70;69;66;;;;
1940;874,4;383;71;69;66;;;;
1941;786;384;70;71;66;;;;
1942;824,4;395;68;70;67;;;;
1943;824,4;397;68;71;67;;;;
1944;794,7;384;70;69;67;;;;
1945;794,7;383;71;69;67;;;;
1946;706,3;385;70;71;67;;;;
1947;827,7;397;71;70;68;;;;
1948;798;385;70;71;69;;;;
1949;765,8;366;64;65;63;60;;;
1950;842,2;373;64;63;66;60;;;
1951;762,5;375;64;63;67;60;;;
1952;883,9;381;68;64;63;60;;;
1953;854,3;387;64;69;63;60;;;
1954;765,8;385;64;70;63;60;;;
1955;765,8;389;64;71;63;60;;;
1956;842,2;375;65;63;66;60;;;
1957;762,5;377;65;63;67;60;;;
1958;883,9;380;68;65;63;60;;;
1959;854,3;387;65;69;63;60;;;
1960;765,8;385;65;70;63;60;;;
1961;765,8;389;65;71;63;60;;;
1962;839;363;67;66;63;60;;;
1963;842,2;382;66;70;63;60;;;
1964;842,2;384;66;71;63;60;;;
1965;880,7;391;68;63;67;60;;;
1966;851;379;67;69;63;60;;;
1967;762,5;383;67;70;63;60;;;
1968;762,5;384;67;71;63;60;;;
1969;883,9;394;68;70;63;60;;;
1970;883,9;398;68;71;63;60;;;
1971;854,3;384;63;70;69;60;;;
1972;854,3;384;63;71;69;60;;;
1973;765,8;384;63;70;71;60;;;
1974;842,2;374;64;65;66;60;;;
1975;762,5;376;64;65;67;60;;;
1976;883,9;379;68;65;64;60;;;
1977;854,3;386;64;65;69;60;;;
1978;765,8;385;64;65;70;60;;;
1979;765,8;388;64;65;71;60;;;
1980;839;375;64;66;67;60;;;
1981;842,2;386;64;70;66;60;;;
1982;842,2;389;64;71;66;60;;;
1983;880,7;390;64;68;67;60;;;
1984;851;386;64;69;67;60;;;
1985;762,5;387;64;70;67;60;;;
1986;762,5;390;64;71;67;60;;;
1987;883,9;395;64;68;70;60;;;
1988;883,9;398;64;68;71;60;;;
1989;854,3;388;64;70;69;60;;;
1990;854,3;389;64;71;69;60;;;
1991;765,8;389;64;70;71;60;;;
1992;839;375;65;66;67;60;;;
1993;842,2;386;65;70;66;60;;;
1994;842,2;389;65;71;66;60;;;
1995;880,7;390;68;65;67;60;;;
1996;851;386;65;69;67;60;;;
1997;762,5;387;65;70;67;60;;;
1998;762,5;390;65;71;67;60;;;
1999;883,9;395;65;68;70;60;;;
2000;883,9;399;65;68;71;60;;;
2001;854,3;388;65;70;69;60;;;
2002;854,3;389;65;71;69;60;;;
2003;765,8;389;65;70;71;60;;;
2004;839;383;67;66;70;60;;;
2005;839;383;67;71;66;60;;;
2006;842,2;384;66;71;70;60;;;
2007;880,7;396;68;70;67;60;;;
2008;880,7;398;68;71;67;60;;;
2009;851;384;67;69;70;60;;;
2010;851;383;67;69;71;60;;;
2011;762,5;385;67;71;70;60;;;
2012;883,9;397;68;70;71;60;;;
2013;854,3;385;69;71;70;60;;;
2014;57,7;402;72;;;;;;
2015;303,1;405;73;;;;;;
2016;128,3;414;74;;;;;;
2017;221,4;419;75;;;;;;
2018;236,5;425;76;;;;;;
2019;215,3;427;77;;;;;;
2020;236,5;432;78;;;;;;
2021;236,5;433;79;;;;;;
2022;360,7;405;72;73;;;;;
2023;186;423;72;74;;;;;
2024;279;426;72;75;;;;;
2025;294,2;431;72;76;;;;;
2026;273;429;72;77;;;;;
2027;294,2;443;72;78;;;;;
2028;294,2;440;72;79;;;;;
2029;431,4;425;73;74;;;;;
2030;524,4;428;73;75;;;;;
2031;539,6;433;73;76;;;;;
2032;518,4;430;73;77;;;;;
2033;539,6;445;73;78;;;;;
2034;539,6;442;73;79;;;;;
2035;349,7;420;74;75;;;;;
2036;364,8;425;74;76;;;;;
2037;343,6;430;74;77;;;;;
2038;364,8;435;74;78;;;;;
2039;364,8;433;74;79;;;;;
2040;457,9;425;75;76;;;;;
2041;436,7;430;75;77;;;;;
2042;457,9;437;75;78;;;;;
2043;457,9;434;75;79;;;;;
2044;451,8;433;76;77;;;;;
2045;473;437;76;78;;;;;
2046;473;434;76;79;;;;;
2047;451,8;445;77;78;;;;;
2048;451,8;440;77;79;;;;;
2049;473;437;78;79;;;;;
2050;489;426;74;73;72;;;;
2051;582,1;428;75;73;72;;;;
2052;597,2;434;76;73;72;;;;
2053;576;430;77;73;72;;;;
2054;597,2;446;78;73;72;;;;
2055;597,2;442;79;73;72;;;;
2056;407,4;426;74;75;72;;;;
2057;422,5;431;74;76;72;;;;
2058;401,3;432;74;77;72;;;;
2059;422,5;444;78;74;72;;;;
2060;422,5;441;74;79;72;;;;
2061;515,5;432;75;76;72;;;;
2062;494,3;432;75;77;72;;;;
2063;515,5;443;78;75;72;;;;
2064;515,5;440;79;75;72;;;;
2065;509,5;435;76;77;72;;;;
2066;530,7;444;78;76;72;;;;
2067;530,7;440;79;76;72;;;;
2068;509,5;446;78;77;72;;;;
2069;509,5;442;79;77;72;;;;
2070;530,7;445;78;79;72;;;;
2071;652,8;428;74;75;73;;;;
2072;667,9;433;74;76;73;;;;
2073;646,7;433;74;77;73;;;;
2074;667,9;446;78;74;73;;;;
2075;667,9;442;74;79;73;;;;
2076;760,9;433;75;76;73;;;;
2077;739,7;433;75;77;73;;;;
2078;760,9;445;78;75;73;;;;
2079;760,9;442;79;75;73;;;;
2080;754,9;436;76;77;73;;;;
2081;776,1;445;78;76;73;;;;
2082;776,1;442;79;76;73;;;;
2083;754,9;447;78;77;73;;;;
2084;754,9;443;79;77;73;;;;
2085;776,1;446;78;79;73;;;;
2086;586,2;425;75;76;74;;;;
2087;565;430;77;75;74;;;;
2088;586,2;437;78;75;74;;;;
2089;586,2;434;79;75;74;;;;
2090;580,1;433;77;76;74;;;;
2091;601,3;438;78;76;74;;;;
2092;601,3;434;79;76;74;;;;
2093;580,1;447;78;77;74;;;;
2094;580,1;441;77;79;74;;;;
2095;601,3;438;78;79;74;;;;
2096;673,2;433;77;76;75;;;;
2097;694,4;438;78;76;75;;;;
2098;694,4;434;79;76;75;;;;
2099;673,2;447;78;75;77;;;;
2100;673,2;442;77;79;75;;;;
2101;694,4;439;78;79;75;;;;
2102;688,3;445;78;76;77;;;;
2103;688,3;441;79;76;77;;;;
2104;709,5;439;78;79;76;;;;
2105;688,3;445;78;79;77;;;;
2106;710,4;429;74;75;73;72;;;
2107;725,5;434;74;76;73;72;;;
2108;704,3;433;74;77;73;72;;;
2109;725,5;446;78;74;73;72;;;
2110;725,5;443;74;79;73;72;;;
2111;818,6;434;75;76;73;72;;;
2112;797,4;433;75;77;73;72;;;
2113;818,6;446;78;75;73;72;;;
2114;818,6;443;79;75;73;72;;;
2115;812,5;436;76;77;73;72;;;
2116;833,7;446;78;76;73;72;;;
2117;833,7;442;79;76;73;72;;;
2118;812,5;448;78;77;73;72;;;
2119;812,5;444;79;77;73;72;;;
2120;833,7;447;78;79;73;72;;;
2121;643,9;432;74;75;76;72;;;
2122;622,7;432;74;75;77;72;;;
2123;643,9;446;78;75;74;72;;;
2124;643,9;441;74;79;75;72;;;
2125;637,8;435;74;76;77;72;;;
2126;659;446;78;76;74;72;;;
2127;659;441;74;79;76;72;;;
2128;637,8;450;74;78;77;72;;;
2129;637,8;443;74;79;77;72;;;
2130;659;446;78;79;74;72;;;
2131;730,8;435;75;76;77;72;;;
2132;752;444;78;76;75;72;;;
2133;752;441;79;76;75;72;;;
2134;730,8;449;78;75;77;72;;;
2135;730,8;443;75;79;77;72;;;
2136;752;445;78;79;75;72;;;
2137;746;447;78;76;77;72;;;
2138;746;443;79;76;77;72;;;
2139;767,2;445;78;79;76;72;;;
2140;746;447;78;79;77;72;;;
2141;889,3;433;74;75;76;73;;;
2142;868,1;433;74;75;77;73;;;
2143;889,3;448;78;75;74;73;;;
2144;889,3;443;74;79;75;73;;;
2145;883,2;436;74;76;77;73;;;
2146;883,2;451;74;78;77;73;;;
2147;883,2;444;74;79;77;73;;;
2148;801,5;433;77;76;75;74;;;
2149;822,7;438;78;76;75;74;;;
2150;822,7;434;79;76;75;74;;;
2151;801,5;448;78;77;75;74;;;
2152;801,5;442;77;79;75;74;;;
2153;822,7;439;78;79;75;74;;;
2154;816,6;448;78;76;77;74;;;
2155;816,6;442;77;79;76;74;;;
2156;837,8;439;78;79;76;74;;;
2157;816,6;448;78;79;77;74;;;
2158;859,2;435;74;75;76;77;72;;
2159;880,4;447;78;76;75;74;72;;
2160;880,4;441;74;79;76;75;72;;
2161;859,2;452;74;75;78;77;72;;
2162;859,2;444;74;75;79;77;72;;
2163;880,4;448;78;79;75;74;72;;
2164;874,3;450;74;78;76;77;72;;
2165;874,3;444;74;76;79;77;72;;
2166;895,5;447;78;79;76;74;72;;
2167;874,3;450;74;78;79;77;72;;
