ROTA;Demanda;Dist;C1r;C2r;C3r
0;155.0;194;0.508142882;0.444625022;0.381107162
1;155.0;193;0.505839362;0.442609442;0.379379522
2;155.0;192;0.503669567;0.440710871;0.377752175
3;290.4;212;0.555170478;0.485774168;0.416377858
4;279.0;227;0.594057357;0.519800188;0.445543018
5;27.4;236;0.617293998;0.540132248;0.462970498
6;185.6;247;0.646735368;0.565893447;0.485051526
7;96.2;255;0.668888511;0.585277447;0.501666383
8;210.1;265;0.694408437;0.607607383;0.520806328
9;57.7;277;0.726731418;0.635889991;0.545048563
10;304.4;277;0.726432074;0.635628064;1000
11;310.0;197;0.516214975;0.451688103;1000
12;310.0;210;0.549548913;0.480855299;1000
13;445.4;225;0.588247839;0.514716859;1000
14;434.0;232;0.607116844;0.531227238;1000
15;182.4;236;0.617395042;0.540220661;0.463046281
16;340.6;249;0.651840297;0.57036026;1000
17;251.2;256;0.670535805;0.586718829;0.502901854
18;365.1;265;0.69449514;0.607683247;1000
19;212.7;277;0.726833662;0.635979455;0.545125247
20;459.4;278;0.728477228;0.637417574;1000
21;310.0;206;0.539173503;0.471776815;1000
22;445.4;221;0.579064671;0.506681587;1000
23;434.0;230;0.601145234;0.52600208;1000
24;182.4;236;0.617703976;0.540490979;0.463277982
25;340.6;248;0.648688997;0.567602872;1000
26;251.2;257;0.673184223;0.589036195;0.504888167
27;365.1;265;0.694645359;0.607814689;1000
28;212.7;278;0.726906819;0.636043466;0.545180114
29;459.4;278;0.726906456;0.636043149;1000
30;445.4;212;0.555796848;0.486322242;1000
31;434.0;227;0.595464384;0.521031336;1000
32;182.4;242;0.63279721;0.553697559;0.474597907
33;340.6;248;0.650116355;0.568851811;1000
34;251.2;264;0.692147038;0.605628658;0.519110278
35;365.1;269;0.705344519;0.617176454;1000
36;212.7;281;0.736398346;0.644348553;0.552298759
37;459.4;279;0.730672472;0.639338413;1000
38;569.4;230;0.601202193;0.526051919;1000
39;317.7;247;0.64790299;0.566915116;1000
40;475.9;250;0.655596101;0.573646588;1000
41;386.6;270;0.706985109;0.618611971;1000
42;500.5;273;0.714130361;0.624864066;1000
43;348.0;284;0.743742443;0.650774638;1000
44;594.8;281;0.735071777;0.643187805;1000
45;306.4;246;0.643542319;0.563099529;1000
46;464.6;248;0.649054026;0.567922273;1000
47;375.2;268;0.701234145;0.613579877;1000
48;489.1;270;0.706987435;0.618614005;1000
49;336.6;281;0.736790681;0.644691846;1000
50;583.4;278;0.729404252;0.63822872;1000
51;212.9;253;0.661986109;0.579237845;0.496489582
52;123.6;258;0.676890059;0.592278802;0.507667544
53;237.5;265;0.694412307;0.607610769;0.52080923
54;85.0;277;0.72674543;0.635902252;0.545059073
55;331.8;279;0.729786772;0.638563426;1000
56;281.8;271;0.70852969;0.619963479;0.531397267
57;395.7;270;0.706686801;0.618350951;1000
58;243.2;281;0.735025352;0.643147183;0.551269014
59;490.0;278;0.727316531;0.636401964;1000
60;306.3;271;0.708590957;0.620017088;1000
61;153.9;281;0.736027285;0.644023874;0.552020463
62;400.6;286;0.750139581;0.656372134;1000
63;267.8;277;0.726747482;0.635904046;0.545060611
64;514.5;281;0.736049175;0.644043028;1000
65;362.1;285;0.746317434;0.653027755;1000
66;465.0;210;0.549549116;0.480855476;1000
67;600.4;225;0.589440283;1000;1000
68;589.0;233;0.611520847;0.535080741;1000
69;337.4;236;0.61780502;0.540579393;1000
70;495.6;250;0.653793925;0.572069685;1000
71;406.2;258;0.674831516;0.590477577;1000
72;520.1;265;0.694732062;0.607890554;1000
73;367.7;278;0.727009063;0.63613293;1000
74;614.4;278;0.72895161;1000;1000
75;600.4;225;0.588874209;1000;1000
76;589.0;232;0.608523871;0.532458387;1000
77;337.4;242;0.632898254;0.553785972;1000
78;495.6;250;0.655221284;0.573318623;1000
79;406.2;265;0.693794331;0.60707004;1000
80;520.1;269;0.705431221;0.617252319;1000
81;367.7;281;0.73650059;0.644438017;1000
82;614.4;280;0.732717626;1000;1000
83;724.4;235;0.614261679;1000;1000
84;472.7;247;0.648004034;0.56700353;1000
85;630.9;252;0.660701029;1000;1000
86;541.6;271;0.708632403;0.620053353;1000
87;655.5;273;0.714217064;1000;1000
88;503.0;284;0.743844688;0.650864102;1000
89;749.8;281;0.737116931;1000;1000
90;461.4;246;0.643643363;0.563187943;1000
91;619.6;250;0.654158954;1000;1000
92;530.2;268;0.702881439;0.615021259;1000
93;644.1;270;0.707074137;1000;1000
94;491.6;281;0.736892926;0.64478131;1000
95;738.4;279;0.731449406;1000;1000
96;367.9;253;0.662087153;0.579326259;1000
97;278.6;258;0.676991103;0.592367215;0.507743327
98;392.5;265;0.694499009;0.607686633;1000
99;240.0;278;0.726846474;0.635990665;0.545134856
100;486.8;279;0.729887816;0.638651839;1000
101;436.8;271;0.710176984;0.621404861;1000
102;550.7;270;0.706773504;0.618426816;1000
103;398.2;281;0.735127597;0.643236647;1000
104;645.0;278;0.729361685;1000;1000
105;461.3;271;0.70867766;0.620092952;1000
106;308.9;281;0.736129529;0.644113338;1000
107;555.6;287;0.751786875;0.657813516;1000
108;422.8;277;0.726834184;0.635979911;1000
109;669.5;281;0.736135877;1000;1000
110;517.1;285;0.746419678;0.653117218;1000
111;600.4;221;0.579691041;1000;1000
112;589.0;230;0.602552262;0.527233229;1000
113;337.4;242;0.633207188;0.55405629;1000
114;495.6;249;0.652069984;0.570561236;1000
115;406.2;266;0.696442749;0.609387405;1000
116;520.1;269;0.705581441;0.617383761;1000
117;367.7;281;0.736573747;0.644502028;1000
118;614.4;279;0.731146854;1000;1000
119;724.4;232;0.60829007;1000;1000
120;472.7;248;0.648312968;0.567273847;1000
121;630.9;251;0.657549729;1000;1000
122;541.6;272;0.711280821;0.622370718;1000
123;655.5;273;0.714367284;1000;1000
124;503.0;284;0.743917844;0.650928114;1000
125;749.8;281;0.735546159;1000;1000
126;461.4;246;0.643952298;0.56345826;1000
127;619.6;249;0.651007654;1000;1000
128;530.2;269;0.705529856;0.617338624;1000
129;644.1;270;0.707224357;1000;1000
130;491.6;281;0.736966082;0.644845322;1000
131;738.4;279;0.729878634;1000;1000
132;367.9;253;0.662396087;0.579596576;1000
133;278.6;259;0.677300037;0.592637533;0.507975028
134;392.5;265;0.694649229;0.607818076;1000
135;240.0;278;0.726920831;0.636055727;0.545190623
136;486.8;279;0.730196751;0.638922157;1000
137;436.8;271;0.710483318;0.621672904;1000
138;550.7;270;0.706923724;0.618558258;1000
139;398.2;281;0.735200753;0.643300659;1000
140;645.0;278;0.727790913;1000;1000
141;461.3;271;0.70882788;0.620224395;1000
142;308.9;281;0.736202686;0.64417735;1000
143;555.6;287;0.750613964;0.656787218;1000
144;422.8;278;0.726922883;0.636057522;1000
145;669.5;281;0.736286097;1000;1000
146;517.1;285;0.746492835;0.65318123;1000
147;724.4;230;0.601828563;1000;1000
148;472.7;248;0.64852936;0.56746319;1000
149;630.9;251;0.656222471;1000;1000
150;541.6;270;0.70761148;0.619160045;1000
151;655.5;273;0.714756732;1000;1000
152;503.0;284;0.744368814;0.651322712;1000
153;749.8;281;0.735698147;1000;1000
154;461.4;246;0.644949347;0.564330678;1000
155;619.6;248;0.650461053;1000;1000
156;530.2;268;0.702641172;0.614811025;1000
157;644.1;270;0.708394462;1000;1000
158;491.6;282;0.738197708;0.645922995;1000
159;738.4;279;0.730811279;1000;1000
160;367.9;254;0.665367096;0.582196209;1000
161;278.6;264;0.692393271;0.605844112;0.519294953
162;392.5;269;0.705348389;0.61717984;1000
163;240.0;281;0.736412358;0.644360813;0.552309269
164;486.8;280;0.734027171;0.642273774;1000
165;436.8;272;0.711910677;0.622921842;1000
166;550.7;271;0.710067788;0.621309315;1000
167;398.2;282;0.738406339;0.646105547;1000
168;645.0;279;0.730697517;1000;1000
169;461.3;275;0.719527039;0.629586159;1000
170;308.9;285;0.745694213;0.652482436;1000
171;555.6;288;0.75437998;0.660082482;1000
172;422.8;281;0.73641441;0.644362608;1000
173;669.5;283;0.740289573;1000;1000
174;517.1;287;0.750557832;0.656738103;1000
175;596.7;248;0.650687155;0.569351261;1000
176;754.9;251;0.656198862;1000;1000
177;665.6;270;0.70837898;1000;1000
178;779.5;273;0.714132271;1000;1000
179;627.0;284;0.743935517;1000;1000
180;873.8;281;0.736549087;1000;1000
181;503.3;256;0.670846841;0.586990986;1000
182;413.9;270;0.707499051;0.61906167;1000
183;527.9;273;0.714134231;0.624867452;1000
184;375.4;284;0.743756456;0.650786899;1000
185;622.1;282;0.738426476;1000;1000
186;572.1;274;0.717390422;0.627716619;1000
187;686.1;273;0.715547534;1000;1000
188;533.6;284;0.743886085;0.650900324;1000
189;780.3;281;0.735956234;1000;1000
190;596.7;278;0.728312882;0.637273771;1000
191;444.2;288;0.75303831;0.658908521;1000
192;691.0;290;0.758779285;1000;1000
193;558.2;284;0.743758507;0.650788694;1000
194;804.9;284;0.744688878;1000;1000
195;652.4;288;0.754957137;1000;1000
196;491.9;254;0.664304767;0.581266671;1000
197;402.5;268;0.703138381;0.615246083;1000
198;516.5;270;0.706991305;0.618617392;1000
199;364.0;281;0.736804694;0.644704107;1000
200;610.7;280;0.73275895;1000;1000
201;560.8;271;0.710848347;0.621992304;1000
202;674.7;271;0.709005459;1000;1000
203;522.2;282;0.73734401;0.645176009;1000
204;769.0;279;0.729635188;1000;1000
205;585.3;275;0.721169955;0.631023711;1000
206;432.8;285;0.746086548;0.652825729;1000
207;679.6;288;0.75311176;1000;1000
208;546.8;281;0.736806745;0.644705902;1000
209;793.5;282;0.739021353;1000;1000
210;641.0;286;0.749289612;1000;1000
211;309.1;274;0.716531238;0.626964833;1000
212;423.1;270;0.706690671;0.618354337;1000
213;270.6;281;0.735039365;0.643159444;0.551279524
214;517.3;279;0.730671229;0.639337326;1000
215;333.7;271;0.708594827;0.620020474;1000
216;181.2;281;0.736041297;0.644036135;0.552030973
217;428.0;288;0.75349428;0.659307495;1000
218;295.2;277;0.726751351;0.635907433;0.545063514
219;541.9;281;0.736053045;0.644046414;1000
220;389.4;285;0.746331446;0.653040015;1000
221;491.9;275;0.720869322;0.630760656;1000
222;339.4;284;0.744321219;0.651281067;1000
223;586.2;287;0.751024038;0.657146034;1000
224;453.4;281;0.735041416;0.643161239;1000
225;700.1;281;0.736933632;1000;1000
226;547.6;285;0.747201891;0.653801654;1000
227;364.0;281;0.736043348;0.64403793;1000
228;610.7;286;0.750231695;1000;1000
229;458.2;288;0.7556133;0.661161638;1000
230;572.2;285;0.746333498;0.65304181;1000
231;755.4;225;0.590066654;1000;1000
232;744.0;234;0.612927874;1000;1000
233;492.4;245;0.640970347;0.560849053;1000
234;650.6;253;0.662445596;1000;1000
235;561.2;268;0.701866424;0.614133121;1000
236;675.1;272;0.713503314;1000;1000
237;522.7;284;0.744572683;0.651501098;1000
238;769.4;283;0.740789719;1000;1000
239;879.4;236;0.618665683;1000;1000
240;627.7;250;0.656076127;1000;1000
241;785.9;255;0.667925342;1000;1000
242;696.6;274;0.716704496;1000;1000
243;810.5;276;0.722289157;1000;1000
244;658.0;287;0.751916781;1000;1000
245;616.4;248;0.65073124;1000;1000
246;774.6;252;0.661246831;1000;1000
247;685.2;271;0.709969316;1000;1000
248;799.1;273;0.714162014;1000;1000
249;646.6;284;0.743980803;1000;1000
250;893.4;282;0.738537283;1000;1000
251;522.9;254;0.664040782;0.581035684;1000
252;433.6;259;0.678947331;0.594078915;1000
253;547.5;265;0.694750273;0.607906489;1000
254;395.0;278;0.727021875;0.636144141;1000
255;641.8;279;0.730362198;1000;1000
256;591.8;272;0.712130612;0.623114286;1000
257;705.7;271;0.708727132;1000;1000
258;553.2;281;0.737081225;0.644946072;1000
259;800.0;279;0.731315313;1000;1000
260;616.3;271;0.710475173;1000;1000
261;463.9;282;0.737849979;0.645618732;1000
262;710.6;287;0.752261257;1000;1000
263;577.8;278;0.727009585;0.636133387;1000
264;824.5;281;0.73661026;1000;1000
265;672.1;285;0.74689406;1000;1000
266;879.4;235;0.614888049;1000;1000
267;627.7;248;0.648630404;1000;1000
268;785.9;252;0.661327399;1000;1000
269;696.6;271;0.709258773;1000;1000
270;810.5;273;0.714843434;1000;1000
271;658.0;284;0.744471058;1000;1000
272;616.4;246;0.645050391;1000;1000
273;774.6;250;0.655565982;1000;1000
274;685.2;269;0.704288466;1000;1000
275;799.1;270;0.708481164;1000;1000
276;646.6;282;0.738299953;1000;1000
277;893.4;280;0.732856433;1000;1000
278;522.9;254;0.66546814;0.582284622;1000
279;433.6;265;0.694040565;0.607285494;1000
280;547.5;269;0.705449433;0.617268254;1000
281;395.0;281;0.736513402;0.644449227;1000
282;641.8;280;0.734128215;1000;1000
283;591.8;272;0.713557971;0.624363224;1000
284;705.7;271;0.710154491;1000;1000
285;553.2;282;0.738508584;0.646195011;1000
286;800.0;280;0.732742671;1000;1000
287;616.3;275;0.721174333;1000;1000
288;463.9;285;0.747341506;0.653923818;1000
289;710.6;289;0.756027274;1000;1000
290;577.8;281;0.736501112;0.644438473;1000
291;824.5;283;0.740376276;1000;1000
292;672.1;287;0.750660077;1000;1000
293;751.7;248;0.650788199;1000;1000
294;820.6;271;0.710026274;1000;1000
295;782.0;284;0.744037761;1000;1000
296;658.3;256;0.670947885;1000;1000
297;568.9;271;0.709146345;0.620503052;1000
298;682.9;273;0.714235275;1000;1000
299;530.4;284;0.7438575;0.650875312;1000
300;777.1;282;0.73852752;1000;1000
301;727.1;275;0.719037716;1000;1000
302;841.1;273;0.715634236;1000;1000
303;688.6;284;0.743988329;1000;1000
304;751.7;279;0.729960176;1000;1000
305;599.2;288;0.754685604;0.660349903;1000
306;846.0;290;0.760426579;1000;1000
307;713.2;284;0.74384521;1000;1000
308;807.4;288;0.755059382;1000;1000
309;646.9;254;0.664405811;1000;1000
310;557.5;269;0.704785674;0.616687465;1000
311;671.5;270;0.707092349;1000;1000
312;519.0;281;0.736905738;0.64479252;1000
313;765.7;280;0.732859994;1000;1000
314;715.8;272;0.712495641;1000;1000
315;829.7;271;0.709092161;1000;1000
316;677.2;282;0.737446254;1000;1000
317;740.3;276;0.722817249;1000;1000
318;587.8;285;0.747733842;0.654267111;1000
319;834.6;288;0.754759053;1000;1000
320;701.8;281;0.736893447;1000;1000
321;796.0;286;0.749391856;1000;1000
322;464.1;274;0.716632282;0.627053246;1000
323;578.1;270;0.706791715;0.618442751;1000
324;425.6;281;0.735140409;0.643247858;1000
325;672.3;279;0.730772273;1000;1000
326;488.7;271;0.708695871;0.620108887;1000
327;336.2;281;0.736142341;0.644124548;1000
328;583.0;288;0.753595324;0.659395909;1000
329;450.2;278;0.726848196;0.635992172;1000
330;696.9;281;0.736154089;1000;1000
331;544.4;285;0.74643249;0.653128429;1000
332;646.9;276;0.722516615;1000;1000
333;494.4;285;0.745968513;0.652722449;1000
334;741.2;287;0.752671332;1000;1000
335;608.4;281;0.735128118;1000;1000
336;855.1;281;0.737020334;1000;1000
337;702.6;285;0.747304135;1000;1000
338;519.0;281;0.736130051;0.644113794;1000
339;765.7;287;0.751878989;1000;1000
340;613.2;289;0.757260594;1000;1000
341;727.2;285;0.7464202;1000;1000
342;879.4;232;0.60891644;1000;1000
343;627.7;248;0.648939338;1000;1000
344;785.9;251;0.658176099;1000;1000
345;696.6;272;0.711907191;1000;1000
346;810.5;273;0.714993654;1000;1000
347;658.0;284;0.744544215;1000;1000
348;616.4;246;0.645359325;1000;1000
349;774.6;249;0.652414682;1000;1000
350;685.2;270;0.706936883;1000;1000
351;799.1;271;0.708631384;1000;1000
352;646.6;282;0.738373109;1000;1000
353;893.4;279;0.731285661;1000;1000
354;522.9;254;0.665777074;0.58255494;1000
355;433.6;266;0.696688982;0.60960286;1000
356;547.5;269;0.705758367;0.617538571;1000
357;395.0;281;0.736822337;0.644719545;1000
358;641.8;280;0.734437149;1000;1000
359;591.8;273;0.716206388;0.62668059;1000
360;705.7;271;0.71030471;1000;1000
361;553.2;282;0.73858174;0.646259023;1000
362;800.0;279;0.7311719;1000;1000
363;616.3;276;0.723822751;1000;1000
364;463.9;286;0.749989924;0.656241183;1000
365;710.6;290;0.758675691;1000;1000
366;577.8;281;0.736651332;0.644569915;1000
367;824.5;283;0.740526496;1000;1000
368;672.1;287;0.750733233;1000;1000
369;751.7;249;0.651097133;1000;1000
370;820.6;272;0.712674692;1000;1000
371;782.0;284;0.744110918;1000;1000
372;658.3;256;0.67125682;1000;1000
373;568.9;272;0.711794762;0.622820417;1000
374;682.9;273;0.71454421;1000;1000
375;530.4;284;0.744166434;0.65114563;1000
376;777.1;282;0.738836454;1000;1000
377;727.1;276;0.721686134;1000;1000
378;841.1;273;0.715784456;1000;1000
379;688.6;284;0.744061486;1000;1000
380;751.7;280;0.732608593;1000;1000
381;599.2;289;0.757334022;0.662667269;1000
382;846.0;291;0.763074996;1000;1000
383;713.2;284;0.743995429;1000;1000
384;807.4;288;0.755132538;1000;1000
385;646.9;254;0.664714745;1000;1000
386;557.5;270;0.707434092;0.61900483;1000
387;671.5;270;0.707401283;1000;1000
388;519.0;281;0.737214672;0.645062838;1000
389;765.7;280;0.733168929;1000;1000
390;715.8;273;0.715144059;1000;1000
391;829.7;271;0.709242381;1000;1000
392;677.2;282;0.737519411;1000;1000
393;740.3;277;0.725465666;1000;1000
394;587.8;286;0.750382259;0.656584477;1000
395;834.6;289;0.757407471;1000;1000
396;701.8;281;0.737043667;1000;1000
397;796.0;286;0.749465013;1000;1000
398;464.1;274;0.716941216;0.627323564;1000
399;578.1;270;0.707100649;0.618713068;1000
400;425.6;281;0.735449343;0.643518175;1000
401;672.3;279;0.731081208;1000;1000
402;488.7;271;0.709004806;0.620379205;1000
403;336.2;281;0.736451275;0.644394866;1000
404;583.0;288;0.753904258;0.659666226;1000
405;450.2;278;0.726926752;0.636060908;1000
406;696.9;281;0.736463023;1000;1000
407;544.4;285;0.746741424;0.653398746;1000
408;646.9;276;0.72282295;1000;1000
409;494.4;285;0.746274848;0.652990492;1000
410;741.2;287;0.752977667;1000;1000
411;608.4;281;0.735278338;1000;1000
412;855.1;281;0.737170554;1000;1000
413;702.6;285;0.747377292;1000;1000
414;519.0;281;0.736280271;0.644245237;1000
415;765.7;287;0.750706077;1000;1000
416;613.2;289;0.756087683;1000;1000
417;727.2;285;0.74657042;1000;1000
418;751.7;249;0.651313525;1000;1000
419;820.6;271;0.709005351;1000;1000
420;782.0;284;0.744561887;1000;1000
421;658.3;256;0.671473212;1000;1000
422;568.9;270;0.708125421;0.619609744;1000
423;682.9;273;0.714760601;1000;1000
424;530.4;284;0.744382826;0.651334973;1000
425;777.1;282;0.739052846;1000;1000
426;727.1;274;0.718016792;1000;1000
427;841.1;273;0.716173904;1000;1000
428;688.6;284;0.744512455;1000;1000
429;751.7;278;0.728939252;1000;1000
430;599.2;288;0.75366468;0.659456595;1000
431;846.0;290;0.759405655;1000;1000
432;713.2;284;0.744384877;1000;1000
433;807.4;288;0.755583507;1000;1000
434;646.9;254;0.665711794;1000;1000
435;557.5;269;0.704545408;0.616477232;1000
436;671.5;270;0.708398332;1000;1000
437;519.0;282;0.738211721;0.645935256;1000
438;765.7;280;0.734165978;1000;1000
439;715.8;272;0.712255375;1000;1000
440;829.7;271;0.710412486;1000;1000
441;677.2;282;0.738751037;1000;1000
442;740.3;276;0.722576982;1000;1000
443;587.8;285;0.747493575;0.654056878;1000
444;834.6;288;0.754518787;1000;1000
445;701.8;282;0.738213772;1000;1000
446;796.0;287;0.750696639;1000;1000
447;464.1;275;0.719912224;0.629923196;1000
448;578.1;271;0.710071658;0.621312701;1000
449;425.6;282;0.738420352;0.646117808;1000
450;672.3;280;0.734052216;1000;1000
451;488.7;276;0.724098039;0.633585784;1000
452;336.2;287;0.751544509;0.657601445;1000
453;583.0;291;0.762381528;0.667083837;1000
454;450.2;281;0.736418279;0.644365995;1000
455;696.9;283;0.740293443;1000;1000
456;544.4;287;0.750571845;0.656750364;1000
457;646.9;277;0.724250308;1000;1000
458;494.4;285;0.747702206;0.65423943;1000
459;741.2;288;0.754405025;1000;1000
460;608.4;282;0.738422403;1000;1000
461;855.1;283;0.740314619;1000;1000
462;702.6;287;0.750582878;1000;1000
463;519.0;285;0.74697943;0.653607001;1000
464;765.7;288;0.754472094;1000;1000
465;613.2;290;0.759853699;1000;1000
466;727.2;287;0.750573896;1000;1000
467;782.3;256;0.671449602;1000;1000
468;692.9;271;0.710283216;1000;1000
469;806.9;273;0.71413614;1000;1000
470;654.4;284;0.743949529;1000;1000
471;851.1;274;0.717993183;1000;1000
472;812.6;284;0.744488846;1000;1000
473;875.7;278;0.728314791;1000;1000
474;723.2;288;0.753231384;1000;1000
475;837.2;284;0.743951581;1000;1000
476;599.5;277;0.72539197;0.634717974;1000
477;713.4;273;0.715551404;1000;1000
478;560.9;284;0.743900097;0.650912585;1000
479;807.7;282;0.739531962;1000;1000
480;624.1;281;0.736314429;1000;1000
481;471.6;291;0.761039858;0.665909876;1000
482;718.3;293;0.766780833;1000;1000
483;585.5;284;0.743762377;0.65079208;1000
484;832.3;284;0.744692748;1000;1000
485;679.8;288;0.75497115;1000;1000
486;782.3;279;0.729730054;1000;1000
487;629.8;288;0.753181951;1000;1000
488;876.5;290;0.759884771;1000;1000
489;743.7;284;0.743902149;1000;1000
490;838.0;289;0.756062623;1000;1000
491;654.4;289;0.755765273;1000;1000
492;748.6;292;0.764253004;1000;1000
493;862.6;288;0.754973201;1000;1000
494;588.1;274;0.718849895;0.628993658;1000
495;702.1;271;0.709009329;1000;1000
496;549.6;282;0.737358022;0.64518827;1000
497;796.3;280;0.732989887;1000;1000
498;612.7;278;0.729171503;1000;1000
499;460.2;288;0.754088096;0.659827084;1000
500;706.9;291;0.761113307;1000;1000
501;574.2;281;0.736810615;0.644709288;1000
502;820.9;282;0.739025223;1000;1000
503;668.4;286;0.749303624;1000;1000
504;770.9;276;0.723187979;1000;1000
505;618.4;285;0.746639877;1000;1000
506;865.2;288;0.753342696;1000;1000
507;732.4;282;0.737360074;1000;1000
508;826.6;286;0.749520548;1000;1000
509;643.0;286;0.748622346;1000;1000
510;889.7;288;0.753203873;1000;1000
511;737.2;290;0.758585479;1000;1000
512;851.2;286;0.749305676;1000;1000
513;519.3;278;0.728870869;0.637762011;1000
514;366.8;287;0.752322767;0.658282421;1000
515;613.5;290;0.759025586;1000;1000
516;480.7;281;0.735045286;0.643164625;1000
517;727.5;281;0.736937502;1000;1000
518;575.0;285;0.747215903;0.653813915;1000
519;391.4;281;0.736047218;0.644041316;1000
520;638.1;288;0.753586394;1000;1000
521;485.6;290;0.758967999;0.664096999;1000
522;599.6;285;0.746337367;0.653045196;1000
523;549.6;286;0.748321712;0.654781498;1000
524;796.3;287;0.751116152;1000;1000
525;643.8;289;0.756497758;1000;1000
526;757.8;285;0.747217955;1000;1000
527;668.4;290;0.760516018;1000;1000
528;782.7;251;0.656702497;1000;1000
529;851.6;274;0.717330866;1000;1000
530;813.0;287;0.752543151;1000;1000
531;771.4;249;0.653122483;1000;1000
532;840.2;272;0.712360559;1000;1000
533;801.6;285;0.746372046;1000;1000
534;677.9;257;0.673540233;1000;1000
535;588.6;268;0.702112658;0.614348576;1000
536;702.5;272;0.713521526;1000;1000
537;550.0;284;0.744585495;0.651512308;1000
538;796.8;283;0.742200308;1000;1000
539;746.8;276;0.721630063;1000;1000
540;860.7;274;0.718226583;1000;1000
541;708.2;285;0.746580677;1000;1000
542;771.3;278;0.729246426;1000;1000
543;618.9;288;0.755413599;1000;1000
544;865.6;292;0.764099367;1000;1000
545;732.8;284;0.744573205;1000;1000
546;827.1;290;0.75873217;1000;1000
547;813.3;259;0.679019978;1000;1000
548;723.9;274;0.717218438;1000;1000
549;837.9;276;0.722307368;1000;1000
550;685.4;287;0.751929593;1000;1000
551;882.1;278;0.727109809;1000;1000
552;843.6;287;0.752060422;1000;1000
553;754.2;291;0.762757697;1000;1000
554;868.2;287;0.751917302;1000;1000
555;801.9;256;0.671493688;1000;1000
556;712.5;272;0.711873552;1000;1000
557;826.5;273;0.714180226;1000;1000
558;674.0;284;0.743993615;1000;1000
559;870.8;275;0.719583518;1000;1000
560;832.2;284;0.744534131;1000;1000
561;895.3;279;0.729905126;1000;1000
562;742.8;288;0.754821719;1000;1000
563;856.8;284;0.743981324;1000;1000
564;619.1;274;0.71858591;1000;1000
565;733.1;271;0.708745344;1000;1000
566;580.6;281;0.737094037;0.644957283;1000
567;827.3;280;0.732725902;1000;1000
568;643.7;271;0.710652099;1000;1000
569;491.2;282;0.738098569;0.645836248;1000
570;738.0;288;0.755551552;1000;1000
571;605.2;278;0.727027796;1000;1000
572;851.9;281;0.736628471;1000;1000
573;699.4;285;0.746906872;1000;1000
574;801.9;277;0.724470244;1000;1000
575;649.4;286;0.747922142;1000;1000
576;896.2;288;0.754624961;1000;1000
577;763.3679073;281;0.737081747;1000;1000
578;857.6161584;286;0.749257764;1000;1000
579;674.0008361;282;0.737927564;1000;1000
580;768.2490872;289;0.757734977;1000;1000
581;882.1990996;285;0.746894582;1000;1000
582;813.2907345;256;0.671574256;1000;1000
583;723.9236634;271;0.709772715;1000;1000
584;837.8736758;273;0.714861645;1000;1000
585;685.3822442;284;0.74448387;1000;1000
586;882.129295;275;0.719664086;1000;1000
587;843.5878759;284;0.744614699;1000;1000
588;754.2208047;288;0.755311974;1000;1000
589;868.1708171;284;0.74447158;1000;1000
590;801.9159224;254;0.665812838;1000;1000
591;712.5488513;270;0.706192702;1000;1000
592;826.4988637;270;0.708499376;1000;1000
593;674.0074321;282;0.738312765;1000;1000
594;870.7544829;273;0.713902668;1000;1000
595;832.2130638;282;0.738853282;1000;1000
596;895.3374241;276;0.724224276;1000;1000
597;742.8459926;286;0.749140869;1000;1000
598;856.796005;282;0.738300474;1000;1000
599;619.1207535;275;0.720013268;1000;1000
600;733.0707659;271;0.710172702;1000;1000
601;580.5793344;282;0.738521396;0.646206221;1000
602;827.319017;280;0.73415326;1000;1000
603;643.7036947;277;0.725745333;1000;1000
604;491.2122632;288;0.753191803;0.659042828;1000
605;737.9519458;291;0.762482572;1000;1000
606;605.1622756;281;0.736519323;1000;1000
607;851.9019583;283;0.740394487;1000;1000
608;699.4105267;287;0.750672889;1000;1000
609;801.9093264;277;0.725897602;1000;1000
610;649.4178948;286;0.7493495;1000;1000
611;896.1575775;289;0.756052319;1000;1000
612;763.3679073;282;0.738509105;1000;1000
613;857.6161584;287;0.750685122;1000;1000
614;674.0008361;286;0.748626724;1000;1000
615;768.2490872;291;0.761500993;1000;1000
616;882.1990996;287;0.750660598;1000;1000
617;847.9162465;272;0.71193051;1000;1000
618;809.3748274;284;0.744050573;1000;1000
619;878.2133879;288;0.754878677;1000;1000
620;754.4881488;277;0.725493014;1000;1000
621;868.4381612;273;0.715652448;1000;1000
622;715.9467297;284;0.744001141;1000;1000
623;779.07109;281;0.736415473;1000;1000
624;626.5796585;291;0.761140902;1000;1000
625;873.3193411;293;0.766881877;1000;1000
626;740.5296709;284;0.743863421;1000;1000
627;834.777922;288;0.755072194;1000;1000
628;784.7852901;288;0.754829245;1000;1000
629;898.7353025;284;0.743988851;1000;1000
630;809.3682314;289;0.757412566;1000;1000
631;743.1133367;274;0.718950939;1000;1000
632;857.0633491;271;0.709110373;1000;1000
633;704.5719176;282;0.737459066;1000;1000
634;767.6962779;278;0.729272547;1000;1000
635;615.2048464;288;0.75418914;1000;1000
636;861.944529;291;0.761214351;1000;1000
637;729.1548588;281;0.736911659;1000;1000
638;823.4031099;286;0.749404668;1000;1000
639;773.410478;286;0.748287171;1000;1000
640;887.3604904;282;0.737446776;1000;1000
641;797.9934192;286;0.75026964;1000;1000
642;892.2416704;290;0.760232772;1000;1000
643;674.2681802;278;0.728971913;1000;1000
644;521.7767487;287;0.752423811;0.658370834;1000
645;768.5164313;290;0.75912663;1000;1000
646;635.7267611;281;0.73514633;1000;1000
647;882.4664437;281;0.737038546;1000;1000
648;729.9750122;285;0.747316947;1000;1000
649;546.3596899;281;0.736148262;0.644129729;1000
650;793.0993725;288;0.753687438;1000;1000
651;640.607941;290;0.759069043;1000;1000
652;754.5579534;285;0.746438411;1000;1000
653;704.5653215;286;0.749969006;1000;1000
654;798.8135726;289;0.758145051;1000;1000
655;823.3965138;291;0.762163312;1000;1000
656;813.2907345;257;0.67188319;1000;1000
657;723.9236634;272;0.712421133;1000;1000
658;837.8736758;273;0.71517058;1000;1000
659;685.3822442;284;0.744792804;1000;1000
660;882.129295;276;0.722312504;1000;1000
661;843.5878759;284;0.744687856;1000;1000
662;754.2208047;289;0.757960392;1000;1000
663;868.1708171;284;0.7446218;1000;1000
664;801.9159224;254;0.666121772;1000;1000
665;712.5488513;271;0.708841119;1000;1000
666;826.4988637;271;0.70880831;1000;1000
667;674.0074321;282;0.738621699;1000;1000
668;870.7544829;274;0.716551086;1000;1000
669;832.2130638;282;0.738926438;1000;1000
670;895.3374241;278;0.726872694;1000;1000
671;742.8459926;287;0.751789286;1000;1000
672;856.796005;282;0.738450694;1000;1000
673;619.1207535;275;0.720322203;1000;1000
674;733.0707659;271;0.710481636;1000;1000
675;580.5793344;282;0.73883033;0.646476539;1000
676;827.319017;280;0.734462194;1000;1000
677;643.7036947;278;0.727938565;1000;1000
678;491.2122632;288;0.754105739;0.659842521;1000
679;737.9519458;291;0.762791506;1000;1000
680;605.1622756;281;0.736828258;1000;1000
681;851.9019583;283;0.740703422;1000;1000
682;699.4105267;287;0.750981823;1000;1000
683;801.9093264;278;0.72854602;1000;1000
684;649.4178948;287;0.751997917;1000;1000
685;896.1575775;290;0.758700737;1000;1000
686;763.3679073;282;0.738659325;1000;1000
687;857.6161584;287;0.750758279;1000;1000
688;674.0008361;287;0.751275141;1000;1000
689;768.2490872;292;0.76414941;1000;1000
690;882.1990996;287;0.750810818;1000;1000
691;847.9162465;273;0.714578928;1000;1000
692;809.3748274;284;0.744359508;1000;1000
693;878.2133879;289;0.757527095;1000;1000
694;754.4881488;277;0.725801948;1000;1000
695;868.4381612;273;0.715961382;1000;1000
696;715.9467297;284;0.744310075;1000;1000
697;779.07109;281;0.736724408;1000;1000
698;626.5796585;291;0.761449836;1000;1000
699;873.3193411;293;0.767190811;1000;1000
700;740.5296709;284;0.744172355;1000;1000
701;834.777922;288;0.755381128;1000;1000
702;784.7852901;289;0.757477663;1000;1000
703;898.7353025;284;0.744139071;1000;1000
704;809.3682314;290;0.760060984;1000;1000
705;743.1133367;275;0.719259874;1000;1000
706;857.0633491;271;0.709419307;1000;1000
707;704.5719176;282;0.737768001;1000;1000
708;767.6962779;279;0.729581481;1000;1000
709;615.2048464;288;0.754498074;1000;1000
710;861.944529;291;0.761523286;1000;1000
711;729.1548588;281;0.737220593;1000;1000
712;823.4031099;286;0.749713603;1000;1000
713;773.410478;287;0.750935588;1000;1000
714;887.3604904;282;0.737596996;1000;1000
715;797.9934192;287;0.752918057;1000;1000
716;892.2416704;291;0.76288119;1000;1000
717;674.2681802;278;0.729280848;1000;1000
718;521.7767487;287;0.752732745;0.658641152;1000
719;768.5164313;290;0.759435565;1000;1000
720;635.7267611;281;0.735455264;1000;1000
721;882.4664437;282;0.73734748;1000;1000
722;729.9750122;285;0.747625882;1000;1000
723;546.3596899;281;0.736457196;0.644400047;1000
724;793.0993725;288;0.753996372;1000;1000
725;640.607941;290;0.759377977;1000;1000
726;754.5579534;285;0.746747346;1000;1000
727;704.5653215;286;0.750275341;1000;1000
728;798.8135726;290;0.758451386;1000;1000
729;823.3965138;291;0.7609904;1000;1000
730;847.9162465;271;0.710909587;1000;1000
731;809.3748274;284;0.744575899;1000;1000
732;878.2133879;288;0.753857754;1000;1000
733;754.4881488;277;0.72601834;1000;1000
734;868.4381612;273;0.716177774;1000;1000
735;715.9467297;284;0.744526467;1000;1000
736;779.07109;281;0.7369408;1000;1000
737;626.5796585;291;0.761666228;1000;1000
738;873.3193411;293;0.767407203;1000;1000
739;740.5296709;284;0.744388747;1000;1000
740;834.777922;288;0.75559752;1000;1000
741;784.7852901;288;0.753808322;1000;1000
742;898.7353025;284;0.744528519;1000;1000
743;809.3682314;289;0.756391643;1000;1000
744;743.1133367;275;0.720256922;1000;1000
745;857.0633491;271;0.710416356;1000;1000
746;704.5719176;282;0.73876505;1000;1000
747;767.6962779;279;0.73057853;1000;1000
748;615.2048464;288;0.755495123;1000;1000
749;861.944529;291;0.762520334;1000;1000
750;729.1548588;282;0.738217642;1000;1000
751;823.4031099;287;0.750710651;1000;1000
752;773.410478;286;0.748046904;1000;1000
753;887.3604904;282;0.738767101;1000;1000
754;797.9934192;286;0.750029373;1000;1000
755;892.2416704;290;0.759992506;1000;1000
756;674.2681802;280;0.732251856;1000;1000
757;521.7767487;289;0.755703754;0.661240784;1000
758;768.5164313;291;0.762406573;1000;1000
759;635.7267611;282;0.738426273;1000;1000
760;882.4664437;283;0.740318489;1000;1000
761;729.9750122;287;0.75059689;1000;1000
762;546.3596899;287;0.75155043;0.657606627;1000
763;793.0993725;291;0.762473641;1000;1000
764;640.607941;293;0.767855247;1000;1000
765;754.5579534;287;0.750577766;1000;1000
766;704.5653215;287;0.751702699;1000;1000
767;798.8135726;290;0.759878744;1000;1000
768;823.3965138;292;0.764756416;1000;1000
769;878.480732;277;0.725994731;1000;1000
770;839.9393129;284;0.744502858;1000;1000
771;750.5722417;291;0.761232931;1000;1000
772;864.5222541;284;0.74395545;1000;1000
773;809.6355755;282;0.737731602;1000;1000
774;657.1441439;291;0.761183499;1000;1000
775;771.0941564;284;0.743906018;1000;1000
776;865.3424075;289;0.756076636;1000;1000
777;681.7270852;292;0.76376682;1000;1000
778;775.9753363;295;0.772254552;1000;1000
779;889.9253487;288;0.754977071;1000;1000
780;839.9327168;289;0.757182445;1000;1000
781;798.2607634;279;0.731189527;1000;1000
782;645.7693318;288;0.754641424;1000;1000
783;892.5090145;291;0.761344244;1000;1000
784;759.7193443;282;0.737363944;1000;1000
785;853.9675954;286;0.749534561;1000;1000
786;670.3522731;289;0.756623894;1000;1000
787;764.6005242;293;0.766587026;1000;1000
788;878.5505366;286;0.749309545;1000;1000
789;828.5579047;287;0.75064037;1000;1000
790;576.9241753;289;0.75632326;0.661782853;1000
791;823.663858;290;0.7591177;1000;1000
792;671.1724264;292;0.764499305;1000;1000
793;785.1224388;285;0.747221824;1000;1000
794;695.7553677;292;0.763870716;1000;1000
795;853.9609993;291;0.761400475;1000;1000
796;878.9236634;274;0.717844808;1000;1000
797;840.3822442;287;0.752555963;1000;1000
798;867.5488513;273;0.714264795;1000;1000
799;829.0074321;285;0.746384858;1000;1000
800;897.8459926;289;0.757212962;1000;1000
801;774.1207535;278;0.728085361;1000;1000
802;888.0707659;274;0.718244795;1000;1000
803;735.5793344;285;0.746593488;1000;1000
804;798.7036947;280;0.733817426;1000;1000
805;646.2122632;291;0.761263896;1000;1000
806;892.9519458;294;0.770554665;1000;1000
807;760.1622756;284;0.744591416;1000;1000
808;854.4105267;290;0.758744982;1000;1000
809;804.4178948;289;0.757421593;1000;1000
810;829.0008361;289;0.756698817;1000;1000
811;870.9467297;287;0.752073234;1000;1000
812;781.5796585;294;0.769212995;1000;1000
813;895.5296709;287;0.751935514;1000;1000
814;898.1133367;277;0.726038816;1000;1000
815;859.5719176;284;0.744546943;1000;1000
816;770.2048464;291;0.761277017;1000;1000
817;884.1548588;284;0.743999536;1000;1000
818;829.2681802;279;0.730925542;1000;1000
819;676.7767487;288;0.754377439;1000;1000
820;790.7267611;281;0.737099959;1000;1000
821;884.9750122;286;0.749270576;1000;1000
822;701.3596899;282;0.73810449;1000;1000
823;795.607941;291;0.761025271;1000;1000
824;859.5653215;287;0.751922635;1000;1000
825;870.9467297;284;0.744627511;1000;1000
826;781.5796585;291;0.761767272;1000;1000
827;895.5296709;284;0.744489791;1000;1000
828;898.1133367;275;0.720357966;1000;1000
829;859.5719176;282;0.738866094;1000;1000
830;770.2048464;288;0.755596167;1000;1000
831;884.1548588;282;0.738318686;1000;1000
832;829.2681802;280;0.7323529;1000;1000
833;676.7767487;289;0.755804798;1000;1000
834;790.7267611;282;0.738527317;1000;1000
835;884.9750122;287;0.750697934;1000;1000
836;701.3596899;288;0.753197724;1000;1000
837;795.607941;293;0.767956291;1000;1000
838;859.5653215;288;0.753349993;1000;1000
839;812.1441439;291;0.761284543;1000;1000
840;836.7270852;292;0.763867864;1000;1000
841;800.7693318;288;0.754742468;1000;1000
842;825.3522731;289;0.756724938;1000;1000
843;731.9241753;289;0.756424304;1000;1000
844;826.1724264;292;0.764600349;1000;1000
845;850.7553677;292;0.76397176;1000;1000
846;870.9467297;284;0.744936446;1000;1000
847;781.5796585;291;0.762076206;1000;1000
848;895.5296709;284;0.744798725;1000;1000
849;898.1133367;275;0.720666901;1000;1000
850;859.5719176;282;0.739175028;1000;1000
851;770.2048464;289;0.755905101;1000;1000
852;884.1548588;282;0.73862762;1000;1000
853;829.2681802;280;0.732661834;1000;1000
854;676.7767487;289;0.756113732;1000;1000
855;790.7267611;282;0.738836251;1000;1000
856;884.9750122;287;0.751006868;1000;1000
857;701.3596899;288;0.755390956;1000;1000
858;795.607941;293;0.768265225;1000;1000
859;859.5653215;289;0.755998411;1000;1000
860;812.1441439;291;0.761593478;1000;1000
861;836.7270852;292;0.764176799;1000;1000
862;800.7693318;288;0.755051403;1000;1000
863;825.3522731;289;0.757033872;1000;1000
864;731.9241753;289;0.756733239;1000;1000
865;826.1724264;292;0.764909284;1000;1000
866;850.7553677;292;0.764280695;1000;1000
867;812.1441439;291;0.761809869;1000;1000
868;836.7270852;292;0.764393191;1000;1000
869;800.7693318;289;0.756048452;1000;1000
870;825.3522731;289;0.758030921;1000;1000
871;731.9241753;290;0.759704247;1000;1000
872;826.1724264;293;0.767880292;1000;1000
873;850.7553677;295;0.772757964;1000;1000
874;867.2915706;292;0.765183993;1000;1000
875;855.9167585;290;0.758641918;1000;1000
876;881.3198531;294;0.769402022;1000;1000
877;831.7767487;292;0.763876891;1000;1000
878;856.3596899;291;0.761269817;1000;1000
879;886.9241753;290;0.758377933;1000;1000
880;886.9241753;290;0.759805291;1000;1000
881;886.9241753;290;0.760114225;1000;1000
882;;;;;
883;;;;;
884;;;;;
885;;;;;
886;;;;;
887;;;;;
888;;;;;
889;;;;;
890;;;;;
891;;;;;
892;;;;;
893;;;;;
894;;;;;
895;;;;;
896;;;;;
897;;;;;
898;;;;;
899;;;;;
900;;;;;
901;;;;;
902;;;;;
903;;;;;
904;;;;;
905;;;;;
906;;;;;
907;;;;;
908;;;;;
909;;;;;
910;;;;;
911;;;;;
912;;;;;
913;;;;;
914;;;;;
915;;;;;
916;;;;;
917;;;;;
918;;;;;
919;;;;;
920;;;;;
921;;;;;
922;;;;;
923;;;;;
924;;;;;
925;;;;;
926;;;;;
927;;;;;
928;;;;;
929;;;;;
930;;;;;
931;;;;;
932;;;;;
933;;;;;
934;;;;;
935;;;;;
936;;;;;
937;;;;;
938;;;;;
939;;;;;
940;;;;;
941;;;;;
942;;;;;
943;;;;;
944;;;;;
945;;;;;
946;;;;;
947;;;;;
948;;;;;
949;;;;;
950;;;;;
951;;;;;
952;;;;;
953;;;;;
954;;;;;
955;;;;;
956;;;;;
957;;;;;
958;;;;;
959;;;;;
960;;;;;
961;;;;;
962;;;;;
963;;;;;
964;;;;;
965;;;;;
966;;;;;
967;;;;;
968;;;;;
969;;;;;
970;;;;;
971;;;;;
972;;;;;
973;;;;;
974;;;;;
975;;;;;
976;;;;;
977;;;;;
978;;;;;
979;;;;;
980;;;;;
981;;;;;
982;;;;;
983;;;;;
984;;;;;
985;;;;;
986;;;;;
987;;;;;
988;;;;;
989;;;;;
990;;;;;
991;;;;;
992;;;;;
993;;;;;
994;;;;;
995;;;;;
996;;;;;
997;;;;;
998;;;;;
999;;;;;
1000;;;;;
1001;;;;;
1002;;;;;
1003;;;;;
1004;;;;;
1005;;;;;
1006;;;;;
1007;;;;;
1008;;;;;
1009;;;;;
1010;;;;;
1011;;;;;
1012;;;;;
1013;;;;;
1014;;;;;
1015;;;;;
1016;;;;;
1017;;;;;
1018;;;;;
1019;;;;;
1020;;;;;
1021;;;;;
1022;;;;;
1023;;;;;
1024;;;;;
1025;;;;;
1026;;;;;
1027;;;;;
1028;;;;;
1029;;;;;
1030;;;;;
1031;;;;;
1032;;;;;
1033;;;;;
1034;;;;;
1035;;;;;
1036;;;;;
1037;;;;;
1038;;;;;
1039;;;;;
1040;;;;;
1041;;;;;
1042;;;;;
1043;;;;;
1044;;;;;
1045;;;;;
1046;;;;;
1047;;;;;
1048;;;;;
1049;;;;;
1050;;;;;
1051;;;;;
1052;;;;;
1053;;;;;
1054;;;;;
1055;;;;;
1056;;;;;
1057;;;;;
1058;;;;;
1059;;;;;
1060;;;;;
1061;;;;;
1062;;;;;
1063;;;;;
1064;;;;;
1065;;;;;
1066;;;;;
1067;;;;;
1068;;;;;
1069;;;;;
1070;;;;;
1071;;;;;
1072;;;;;
1073;;;;;
1074;;;;;
1075;;;;;
1076;;;;;
1077;;;;;
1078;;;;;
1079;;;;;
1080;;;;;
1081;;;;;
1082;;;;;
1083;;;;;
1084;;;;;
1085;;;;;
1086;;;;;
1087;;;;;
1088;;;;;
1089;;;;;
1090;;;;;
1091;;;;;
1092;;;;;
1093;;;;;
1094;;;;;
1095;;;;;
1096;;;;;
1097;;;;;
1098;;;;;
1099;;;;;
1100;;;;;
1101;;;;;
1102;;;;;
1103;;;;;
1104;;;;;
1105;;;;;
1106;;;;;
1107;;;;;
1108;;;;;
1109;;;;;
1110;;;;;
1111;;;;;
1112;;;;;
1113;;;;;
1114;;;;;
1115;;;;;
1116;;;;;
1117;;;;;
1118;;;;;
1119;;;;;
1120;;;;;
1121;;;;;
1122;;;;;
1123;;;;;
1124;;;;;
1125;;;;;
1126;;;;;
1127;;;;;
1128;;;;;
1129;;;;;
1130;;;;;
1131;;;;;
1132;;;;;
1133;;;;;
1134;;;;;
1135;;;;;
1136;;;;;
1137;;;;;
1138;;;;;
1139;;;;;
1140;;;;;
1141;;;;;
1142;;;;;
1143;;;;;
1144;;;;;
1145;;;;;
1146;;;;;
1147;;;;;
1148;;;;;
1149;;;;;
1150;;;;;
1151;;;;;
1152;;;;;
1153;;;;;
1154;;;;;
1155;;;;;
1156;;;;;
1157;;;;;
1158;;;;;
1159;;;;;
1160;;;;;
1161;;;;;
1162;;;;;
1163;;;;;
1164;;;;;
1165;;;;;
1166;;;;;
1167;;;;;
1168;;;;;
1169;;;;;
1170;;;;;
1171;;;;;
1172;;;;;
1173;;;;;
1174;;;;;
1175;;;;;
1176;;;;;
1177;;;;;
1178;;;;;
1179;;;;;
1180;;;;;
1181;;;;;
1182;;;;;
1183;;;;;
1184;;;;;
1185;;;;;
1186;;;;;
1187;;;;;
1188;;;;;
1189;;;;;
1190;;;;;
1191;;;;;
1192;;;;;
1193;;;;;
1194;;;;;
1195;;;;;
1196;;;;;
1197;;;;;
1198;;;;;
1199;;;;;
1200;;;;;
1201;;;;;
1202;;;;;
1203;;;;;
1204;;;;;
1205;;;;;
1206;;;;;
1207;;;;;
1208;;;;;
1209;;;;;
1210;;;;;
1211;;;;;
1212;;;;;
1213;;;;;
1214;;;;;
1215;;;;;
1216;;;;;
1217;;;;;
1218;;;;;
1219;;;;;
1220;;;;;
1221;;;;;
1222;;;;;
1223;;;;;
1224;;;;;
1225;;;;;
1226;;;;;
1227;;;;;
1228;;;;;
1229;;;;;
1230;;;;;
1231;;;;;
1232;;;;;
1233;;;;;
1234;;;;;
1235;;;;;
1236;;;;;
1237;;;;;
1238;;;;;
1239;;;;;
1240;;;;;
1241;;;;;
1242;;;;;
1243;;;;;
1244;;;;;
1245;;;;;
1246;;;;;
1247;;;;;
1248;;;;;
1249;;;;;
1250;;;;;
1251;;;;;
1252;;;;;
1253;;;;;
1254;;;;;
1255;;;;;
1256;;;;;
1257;;;;;
1258;;;;;
1259;;;;;
1260;;;;;
1261;;;;;
1262;;;;;
1263;;;;;
1264;;;;;
1265;;;;;
1266;;;;;
1267;;;;;
1268;;;;;
1269;;;;;
1270;;;;;
1271;;;;;
1272;;;;;
1273;;;;;
1274;;;;;
1275;;;;;
1276;;;;;
1277;;;;;
1278;;;;;
1279;;;;;
1280;;;;;
1281;;;;;
1282;;;;;
1283;;;;;
1284;;;;;
1285;;;;;
1286;;;;;
1287;;;;;
1288;;;;;
1289;;;;;
1290;;;;;
1291;;;;;
1292;;;;;
1293;;;;;
1294;;;;;
1295;;;;;
1296;;;;;
1297;;;;;
1298;;;;;
1299;;;;;
1300;;;;;
1301;;;;;
1302;;;;;
1303;;;;;
1304;;;;;
1305;;;;;
1306;;;;;
1307;;;;;
1308;;;;;
1309;;;;;
1310;;;;;
1311;;;;;
1312;;;;;
1313;;;;;
1314;;;;;
1315;;;;;
1316;;;;;
1317;;;;;
1318;;;;;
1319;;;;;
1320;;;;;
1321;;;;;
1322;;;;;
1323;;;;;
1324;;;;;
1325;;;;;
1326;;;;;
1327;;;;;
1328;;;;;
1329;;;;;
1330;;;;;
1331;;;;;
1332;;;;;
1333;;;;;
1334;;;;;
1335;;;;;
1336;;;;;
1337;;;;;
1338;;;;;
1339;;;;;
1340;;;;;
1341;;;;;
1342;;;;;
1343;;;;;
1344;;;;;
1345;;;;;
1346;;;;;
1347;;;;;
1348;;;;;
1349;;;;;
1350;;;;;
1351;;;;;
1352;;;;;
1353;;;;;
1354;;;;;
1355;;;;;
1356;;;;;
1357;;;;;
1358;;;;;
1359;;;;;
1360;;;;;
1361;;;;;
1362;;;;;
1363;;;;;
1364;;;;;
1365;;;;;
1366;;;;;
1367;;;;;
1368;;;;;
1369;;;;;
1370;;;;;
1371;;;;;
1372;;;;;
1373;;;;;
1374;;;;;
1375;;;;;
1376;;;;;
1377;;;;;
1378;;;;;
1379;;;;;
1380;;;;;
1381;;;;;
1382;;;;;
1383;;;;;
1384;;;;;
1385;;;;;
1386;;;;;
1387;;;;;
1388;;;;;
1389;;;;;
1390;;;;;
1391;;;;;
1392;;;;;
1393;;;;;
1394;;;;;
1395;;;;;
1396;;;;;
1397;;;;;
1398;;;;;
1399;;;;;
1400;;;;;
1401;;;;;
1402;;;;;
1403;;;;;
1404;;;;;
1405;;;;;
1406;;;;;
1407;;;;;
1408;;;;;
1409;;;;;
1410;;;;;
1411;;;;;
1412;;;;;
1413;;;;;
1414;;;;;
1415;;;;;
1416;;;;;
1417;;;;;
1418;;;;;
1419;;;;;
1420;;;;;
1421;;;;;
1422;;;;;
1423;;;;;
1424;;;;;
1425;;;;;
1426;;;;;
1427;;;;;
1428;;;;;
1429;;;;;
1430;;;;;
1431;;;;;
1432;;;;;
1433;;;;;
1434;;;;;
1435;;;;;
1436;;;;;
1437;;;;;
1438;;;;;
1439;;;;;
1440;;;;;
1441;;;;;
1442;;;;;
1443;;;;;
1444;;;;;
1445;;;;;
1446;;;;;
1447;;;;;
1448;;;;;
1449;;;;;
1450;;;;;
1451;;;;;
1452;;;;;
1453;;;;;
1454;;;;;
1455;;;;;
1456;;;;;
1457;;;;;
1458;;;;;
1459;;;;;
1460;;;;;
1461;;;;;
1462;;;;;
1463;;;;;
1464;;;;;
1465;;;;;
1466;;;;;
1467;;;;;
1468;;;;;
1469;;;;;
1470;;;;;
1471;;;;;
1472;;;;;
1473;;;;;
1474;;;;;
1475;;;;;
1476;;;;;
1477;;;;;
1478;;;;;
1479;;;;;
1480;;;;;
1481;;;;;
1482;;;;;
1483;;;;;
1484;;;;;
1485;;;;;
1486;;;;;
1487;;;;;
1488;;;;;
1489;;;;;
1490;;;;;
1491;;;;;
1492;;;;;
1493;;;;;
1494;;;;;
1495;;;;;
1496;;;;;
1497;;;;;
1498;;;;;
1499;;;;;
1500;;;;;
1501;;;;;
1502;;;;;
1503;;;;;
1504;;;;;
1505;;;;;
1506;;;;;
1507;;;;;
1508;;;;;
1509;;;;;
1510;;;;;
1511;;;;;
1512;;;;;
1513;;;;;
1514;;;;;
1515;;;;;
1516;;;;;
1517;;;;;
1518;;;;;
1519;;;;;
1520;;;;;
1521;;;;;
1522;;;;;
1523;;;;;
1524;;;;;
1525;;;;;
1526;;;;;
1527;;;;;
1528;;;;;
1529;;;;;
1530;;;;;
1531;;;;;
1532;;;;;
1533;;;;;
1534;;;;;
1535;;;;;
1536;;;;;
1537;;;;;
1538;;;;;
1539;;;;;
1540;;;;;
1541;;;;;
1542;;;;;
1543;;;;;
1544;;;;;
1545;;;;;
1546;;;;;
1547;;;;;
1548;;;;;
1549;;;;;
1550;;;;;
1551;;;;;
1552;;;;;
1553;;;;;
1554;;;;;
1555;;;;;
1556;;;;;
1557;;;;;
1558;;;;;
1559;;;;;
1560;;;;;
1561;;;;;
1562;;;;;
1563;;;;;
1564;;;;;
1565;;;;;
1566;;;;;
1567;;;;;
1568;;;;;
1569;;;;;
1570;;;;;
1571;;;;;
1572;;;;;
1573;;;;;
1574;;;;;
1575;;;;;
1576;;;;;
1577;;;;;
1578;;;;;
1579;;;;;
1580;;;;;
1581;;;;;
1582;;;;;
1583;;;;;
1584;;;;;
1585;;;;;
1586;;;;;
1587;;;;;
1588;;;;;
1589;;;;;
1590;;;;;
1591;;;;;
1592;;;;;
1593;;;;;
1594;;;;;
1595;;;;;
1596;;;;;
1597;;;;;
1598;;;;;
1599;;;;;
1600;;;;;
1601;;;;;
1602;;;;;
1603;;;;;
1604;;;;;
1605;;;;;
1606;;;;;
1607;;;;;
1608;;;;;
1609;;;;;
1610;;;;;
1611;;;;;
1612;;;;;
1613;;;;;
1614;;;;;
1615;;;;;
1616;;;;;
1617;;;;;
1618;;;;;
1619;;;;;
1620;;;;;
1621;;;;;
1622;;;;;
1623;;;;;
1624;;;;;
1625;;;;;
1626;;;;;
1627;;;;;
1628;;;;;
1629;;;;;
1630;;;;;
1631;;;;;
1632;;;;;
1633;;;;;
1634;;;;;
1635;;;;;
1636;;;;;
1637;;;;;
1638;;;;;
1639;;;;;
1640;;;;;
1641;;;;;
1642;;;;;
1643;;;;;
1644;;;;;
1645;;;;;
1646;;;;;
1647;;;;;
1648;;;;;
1649;;;;;
1650;;;;;
1651;;;;;
1652;;;;;
1653;;;;;
1654;;;;;
1655;;;;;
1656;;;;;
1657;;;;;
1658;;;;;
1659;;;;;
1660;;;;;
1661;;;;;
1662;;;;;
1663;;;;;
1664;;;;;
1665;;;;;
1666;;;;;
1667;;;;;
1668;;;;;
1669;;;;;
1670;;;;;
1671;;;;;
1672;;;;;
1673;;;;;
1674;;;;;
1675;;;;;
1676;;;;;
1677;;;;;
1678;;;;;
1679;;;;;
1680;;;;;
1681;;;;;
1682;;;;;
1683;;;;;
1684;;;;;
1685;;;;;
1686;;;;;
1687;;;;;
1688;;;;;
1689;;;;;
1690;;;;;
1691;;;;;
1692;;;;;
1693;;;;;
1694;;;;;
1695;;;;;
1696;;;;;
1697;;;;;
1698;;;;;
1699;;;;;
1700;;;;;
1701;;;;;
1702;;;;;
1703;;;;;
1704;;;;;
1705;;;;;
1706;;;;;
1707;;;;;
1708;;;;;
1709;;;;;
1710;;;;;
1711;;;;;
1712;;;;;
1713;;;;;
1714;;;;;
1715;;;;;
1716;;;;;
1717;;;;;
1718;;;;;
1719;;;;;
1720;;;;;
1721;;;;;
1722;;;;;
1723;;;;;
1724;;;;;
1725;;;;;
1726;;;;;
1727;;;;;
1728;;;;;
1729;;;;;
1730;;;;;
1731;;;;;
1732;;;;;
1733;;;;;
1734;;;;;
1735;;;;;
1736;;;;;
1737;;;;;
1738;;;;;
1739;;;;;
1740;;;;;
1741;;;;;
1742;;;;;
1743;;;;;
1744;;;;;
1745;;;;;
1746;;;;;
1747;;;;;
1748;;;;;
1749;;;;;
1750;;;;;
1751;;;;;
1752;;;;;
1753;;;;;
1754;;;;;
1755;;;;;
1756;;;;;
1757;;;;;
1758;;;;;
1759;;;;;
1760;;;;;
1761;;;;;
1762;;;;;
1763;;;;;
1764;;;;;
1765;;;;;
1766;;;;;
1767;;;;;
1768;;;;;
1769;;;;;
1770;;;;;
1771;;;;;
1772;;;;;
1773;;;;;
1774;;;;;
1775;;;;;
1776;;;;;
1777;;;;;
1778;;;;;
1779;;;;;
1780;;;;;
1781;;;;;
1782;;;;;
1783;;;;;
1784;;;;;
1785;;;;;
1786;;;;;
1787;;;;;
1788;;;;;
1789;;;;;
1790;;;;;
1791;;;;;
1792;;;;;
1793;;;;;
1794;;;;;
1795;;;;;
1796;;;;;
1797;;;;;
1798;;;;;
1799;;;;;
1800;;;;;
1801;;;;;
1802;;;;;
1803;;;;;
1804;;;;;
1805;;;;;
1806;;;;;
1807;;;;;
1808;;;;;
1809;;;;;
1810;;;;;
1811;;;;;
1812;;;;;
1813;;;;;
1814;;;;;
1815;;;;;
1816;;;;;
1817;;;;;
1818;;;;;
1819;;;;;
1820;;;;;
1821;;;;;
1822;;;;;
1823;;;;;
1824;;;;;
1825;;;;;
1826;;;;;
1827;;;;;
1828;;;;;
1829;;;;;
1830;;;;;
1831;;;;;
1832;;;;;
1833;;;;;
1834;;;;;
1835;;;;;
1836;;;;;
1837;;;;;
1838;;;;;
1839;;;;;
1840;;;;;
1841;;;;;
1842;;;;;
1843;;;;;
1844;;;;;
1845;;;;;
1846;;;;;
1847;;;;;
1848;;;;;
1849;;;;;
1850;;;;;
1851;;;;;
1852;;;;;
1853;;;;;
1854;;;;;
1855;;;;;
1856;;;;;
1857;;;;;
1858;;;;;
1859;;;;;
1860;;;;;
1861;;;;;
1862;;;;;
1863;;;;;
1864;;;;;
1865;;;;;
1866;;;;;
1867;;;;;
1868;;;;;
1869;;;;;
1870;;;;;
1871;;;;;
1872;;;;;
1873;;;;;
1874;;;;;
1875;;;;;
1876;;;;;
1877;;;;;
1878;;;;;
1879;;;;;
1880;;;;;
1881;;;;;
1882;;;;;
1883;;;;;
1884;;;;;
1885;;;;;
1886;;;;;
1887;;;;;
1888;;;;;
1889;;;;;
1890;;;;;
1891;;;;;
1892;;;;;
1893;;;;;
1894;;;;;
1895;;;;;
1896;;;;;
1897;;;;;
1898;;;;;
1899;;;;;
1900;;;;;
1901;;;;;
1902;;;;;
1903;;;;;
1904;;;;;
1905;;;;;
1906;;;;;
1907;;;;;
1908;;;;;
1909;;;;;
1910;;;;;
1911;;;;;
1912;;;;;
1913;;;;;
1914;;;;;
1915;;;;;
1916;;;;;
1917;;;;;
1918;;;;;
1919;;;;;
1920;;;;;
1921;;;;;
1922;;;;;
1923;;;;;
1924;;;;;
1925;;;;;
1926;;;;;
1927;;;;;
1928;;;;;
1929;;;;;
1930;;;;;
1931;;;;;
1932;;;;;
1933;;;;;
1934;;;;;
1935;;;;;
1936;;;;;
1937;;;;;
1938;;;;;
1939;;;;;
1940;;;;;
1941;;;;;
1942;;;;;
1943;;;;;
1944;;;;;
1945;;;;;
1946;;;;;
1947;;;;;
1948;;;;;
1949;;;;;
1950;;;;;
1951;;;;;
1952;;;;;
1953;;;;;
1954;;;;;
1955;;;;;
1956;;;;;
1957;;;;;
1958;;;;;
1959;;;;;
1960;;;;;
1961;;;;;
1962;;;;;
1963;;;;;
1964;;;;;
1965;;;;;
1966;;;;;
1967;;;;;
1968;;;;;
1969;;;;;
1970;;;;;
1971;;;;;
1972;;;;;
1973;;;;;
1974;;;;;
1975;;;;;
1976;;;;;
1977;;;;;
1978;;;;;
1979;;;;;
1980;;;;;
1981;;;;;
1982;;;;;
1983;;;;;
1984;;;;;
1985;;;;;
1986;;;;;
1987;;;;;
1988;;;;;
1989;;;;;
1990;;;;;
1991;;;;;
1992;;;;;
1993;;;;;
1994;;;;;
1995;;;;;
1996;;;;;
1997;;;;;
1998;;;;;
1999;;;;;
2000;;;;;
2001;;;;;
2002;;;;;
2003;;;;;
2004;;;;;
2005;;;;;
2006;;;;;
2007;;;;;
2008;;;;;
2009;;;;;
2010;;;;;
2011;;;;;
2012;;;;;
2013;;;;;
2014;;;;;
2015;;;;;
2016;;;;;
2017;;;;;
2018;;;;;
2019;;;;;
2020;;;;;
2021;;;;;
2022;;;;;
2023;;;;;
2024;;;;;
2025;;;;;
2026;;;;;
2027;;;;;
2028;;;;;
2029;;;;;
2030;;;;;
2031;;;;;
2032;;;;;
2033;;;;;
2034;;;;;
2035;;;;;
2036;;;;;
2037;;;;;
2038;;;;;
2039;;;;;
2040;;;;;
2041;;;;;
2042;;;;;
2043;;;;;
2044;;;;;
2045;;;;;
2046;;;;;
2047;;;;;
2048;;;;;
2049;;;;;
2050;;;;;
2051;;;;;
2052;;;;;
2053;;;;;
2054;;;;;
2055;;;;;
2056;;;;;
2057;;;;;
2058;;;;;
2059;;;;;
2060;;;;;
2061;;;;;
2062;;;;;
2063;;;;;
2064;;;;;
2065;;;;;
2066;;;;;
2067;;;;;
2068;;;;;
2069;;;;;
2070;;;;;
2071;;;;;
2072;;;;;
2073;;;;;
2074;;;;;
2075;;;;;
2076;;;;;
2077;;;;;
2078;;;;;
2079;;;;;
2080;;;;;
2081;;;;;
2082;;;;;
2083;;;;;
2084;;;;;
2085;;;;;
2086;;;;;
2087;;;;;
2088;;;;;
2089;;;;;
2090;;;;;
2091;;;;;
2092;;;;;
2093;;;;;
2094;;;;;
2095;;;;;
2096;;;;;
2097;;;;;
2098;;;;;
2099;;;;;
2100;;;;;
2101;;;;;
2102;;;;;
2103;;;;;
2104;;;;;
2105;;;;;
2106;;;;;
2107;;;;;
2108;;;;;
2109;;;;;
2110;;;;;
2111;;;;;
2112;;;;;
2113;;;;;
2114;;;;;
2115;;;;;
2116;;;;;
2117;;;;;
2118;;;;;
2119;;;;;
2120;;;;;
2121;;;;;
2122;;;;;
2123;;;;;
2124;;;;;
2125;;;;;
2126;;;;;
2127;;;;;
2128;;;;;
2129;;;;;
2130;;;;;
2131;;;;;
2132;;;;;
2133;;;;;
2134;;;;;
2135;;;;;
2136;;;;;
2137;;;;;
2138;;;;;
2139;;;;;
2140;;;;;
2141;;;;;
2142;;;;;
2143;;;;;
2144;;;;;
2145;;;;;
2146;;;;;
2147;;;;;
2148;;;;;
2149;;;;;
2150;;;;;
2151;;;;;
2152;;;;;
2153;;;;;
2154;;;;;
2155;;;;;
2156;;;;;
2157;;;;;
2158;;;;;
2159;;;;;
2160;;;;;
2161;;;;;
2162;;;;;
2163;;;;;
2164;;;;;
2165;;;;;
2166;;;;;
2167;;;;;
